Regiao,UF,Qtd Postos Pesquisados,Data Inicial,Data Final,Valor Minimo,Valor Maximo,Valor Medio
CENTRO-OESTE,DF,1093,2004-05-10,2004-06-29,1.73,2.15,2.0522003659652333
CENTRO-OESTE,GO,3133,2004-05-10,2004-06-30,1.8,2.345,2.017947973188637
CENTRO-OESTE,MS,1392,2004-05-10,2004-06-30,1.94,2.71,2.132728448275862
CENTRO-OESTE,MT,1573,2004-05-10,2004-06-30,2.0,2.74,2.37759249841068
NORDESTE,AL,851,2004-05-10,2004-06-30,2.0,2.3,2.1455922444183315
NORDESTE,BA,3871,2004-05-10,2004-06-30,1.78,2.61,2.0739245672952724
NORDESTE,CE,2584,2004-05-10,2004-06-30,1.93,2.45,2.1621188080495357
NORDESTE,MA,1525,2004-05-10,2004-06-30,1.65,2.48,2.0281698360655738
NORDESTE,PB,1143,2004-05-10,2004-06-29,1.69,2.23,2.044609798775153
NORDESTE,PE,3836,2004-05-10,2004-06-30,1.77,2.36,2.030039363920751
NORDESTE,PI,839,2004-05-10,2004-06-30,1.94,2.29,2.121216924910608
NORDESTE,RN,1112,2004-05-10,2004-06-30,1.79,2.26,2.02198381294964
NORDESTE,SE,511,2004-05-10,2004-06-29,1.779,2.17,1.9850528375733854
NORTE,AC,397,2004-05-10,2004-06-30,1.85,2.85,2.3775692695214103
NORTE,AM,1005,2004-05-10,2004-06-30,1.77,2.48,2.048094527363184
NORTE,AP,389,2004-05-10,2004-06-30,2.08,2.68,2.207699228791774
NORTE,PA,1662,2004-05-10,2004-06-30,1.89,2.62,2.2803014440433214
NORTE,RO,851,2004-05-10,2004-06-30,1.89,2.89,2.318653349001175
NORTE,RR,409,2004-05-10,2004-06-30,1.9,2.18,1.9975794621026894
NORTE,TO,603,2004-05-10,2004-06-30,1.75,2.5,2.092759535655058
SUDESTE,ES,2533,2004-05-10,2004-06-30,1.77,2.39,2.0378657718120805
SUDESTE,MG,10381,2004-05-10,2004-06-30,1.739,2.38,2.00718061843753
SUDESTE,RJ,8573,2004-05-10,2004-06-30,1.7,2.599,2.03444436020063
SUDESTE,SP,33047,2004-05-10,2004-06-30,1.529,2.399,1.9271312978485189
SUL,PR,6104,2004-05-10,2004-06-30,1.72,2.6,2.0066653014416773
SUL,RS,6467,2004-05-10,2004-06-30,1.789,2.59,2.17176047626411
SUL,SC,4147,2004-05-10,2004-06-30,1.77,2.43,2.1120327947914155
CENTRO-OESTE,DF,3535,2004-07-05,2004-12-28,1.81,2.33,2.146813578500707
CENTRO-OESTE,GO,10046,2004-07-05,2004-12-29,1.78,2.64,2.176509356957993
CENTRO-OESTE,MS,4460,2004-07-01,2004-12-29,2.039,2.96,2.388900224215247
CENTRO-OESTE,MT,5121,2004-07-01,2004-12-29,2.249,3.05,2.57280316344464
NORDESTE,AL,2654,2004-07-06,2004-12-28,2.1,2.5,2.275319140919367
NORDESTE,BA,12674,2004-07-05,2004-12-29,1.96,2.699,2.262786886539372
NORDESTE,CE,8379,2004-07-05,2004-12-29,1.81,2.672,2.280890559732665
NORDESTE,MA,4968,2004-07-05,2004-12-29,1.799,2.6,2.140612922705314
NORDESTE,PB,3642,2004-07-05,2004-12-29,1.83,2.39,2.134335529928611
NORDESTE,PE,12329,2004-07-05,2004-12-29,1.829,2.75,2.1936980290372294
NORDESTE,PI,2769,2004-07-05,2004-12-29,1.97,2.5,2.259037558685446
NORDESTE,RN,3601,2004-07-05,2004-12-29,1.93,2.47,2.1826331574562623
NORDESTE,SE,1702,2004-07-05,2004-12-28,2.019,2.459,2.145800822561692
NORTE,AC,1292,2004-07-05,2004-12-27,2.1,3.1,2.5347554179566565
NORTE,AM,3279,2004-07-05,2004-12-28,1.89,2.65,2.2964855138761817
NORTE,AP,1311,2004-07-05,2004-12-28,2.12,2.9,2.3351083142639206
NORTE,PA,5373,2004-07-01,2004-12-29,1.98,2.835,2.380497487437186
NORTE,RO,2753,2004-07-05,2004-12-28,2.09,2.99,2.450780239738467
NORTE,RR,1355,2004-07-05,2004-12-28,2.03,2.6,2.1942073800738005
NORTE,TO,1889,2004-07-01,2004-12-29,2.1,2.6,2.309254632080466
SUDESTE,ES,8003,2004-07-05,2004-12-29,1.79,2.47,2.183447332250406
SUDESTE,MG,33581,2004-07-05,2004-12-29,1.79,2.6,2.1478744825943243
SUDESTE,RJ,28100,2004-07-01,2004-12-29,1.79,2.749,2.1856517402135234
SUDESTE,SP,107483,2004-07-01,2004-12-30,1.59,2.699,2.074058371091242
SUL,PR,19895,2004-07-01,2004-12-30,1.84,2.677,2.1650444835385776
SUL,RS,20963,2004-07-05,2004-12-29,1.95,2.74,2.319576587320517
SUL,SC,13477,2004-07-05,2004-12-29,1.92,2.631,2.2611049936929586
CENTRO-OESTE,DF,3510,2005-01-03,2005-06-29,1.929,2.37,2.254640170940171
CENTRO-OESTE,GO,9894,2005-01-03,2005-06-30,1.87,2.66,2.341905397210431
CENTRO-OESTE,MS,4443,2005-01-03,2005-06-29,2.25,2.96,2.5198309700652715
CENTRO-OESTE,MT,5146,2005-01-03,2005-06-29,2.29,3.0,2.6829183832102603
NORDESTE,AL,2665,2005-01-03,2005-06-28,2.29,2.58,2.4500855534709194
NORDESTE,BA,12673,2005-01-03,2005-06-29,1.99,2.699,2.371218732738894
NORDESTE,CE,8454,2005-01-03,2005-06-29,1.999,2.65,2.3992151644192097
NORDESTE,MA,5010,2005-01-03,2005-06-30,1.95,2.6,2.294650499001996
NORDESTE,PB,3691,2005-01-03,2005-06-30,1.99,2.449,2.294268490923869
NORDESTE,PE,12196,2005-01-03,2005-06-30,1.98,2.62,2.3049648245326337
NORDESTE,PI,2767,2005-01-03,2005-06-30,2.05,2.6,2.431074087459342
NORDESTE,RN,3617,2005-01-03,2005-06-30,1.99,2.45,2.258385402267072
NORDESTE,SE,1733,2005-01-03,2005-06-30,2.14,2.39,2.2797068667051357
NORTE,AC,1223,2005-01-03,2005-06-29,2.36,3.22,2.6799051512673753
NORTE,AM,3332,2005-01-03,2005-06-28,2.22,2.66,2.4988478391356543
NORTE,AP,1302,2005-01-03,2005-06-28,2.25,2.99,2.4359838709677417
NORTE,PA,5342,2005-01-03,2005-06-29,2.09,2.899,2.4732396106327217
NORTE,RO,2663,2005-01-03,2005-06-28,2.19,2.99,2.5583552384528727
NORTE,RR,1377,2005-01-03,2005-06-28,2.06,2.6,2.424366013071895
NORTE,TO,1821,2005-01-03,2005-06-30,2.2,2.6,2.4476957715540912
SUDESTE,ES,7833,2005-01-03,2005-06-29,2.13,2.49,2.308638963360143
SUDESTE,MG,33234,2005-01-03,2005-06-30,1.698,2.63,2.252343864716856
SUDESTE,RJ,28149,2005-01-03,2005-06-29,1.99,2.749,2.310011012824612
SUDESTE,SP,106362,2005-01-03,2005-06-30,1.87,2.699,2.1908613038491187
SUL,PR,19640,2005-01-03,2005-06-30,1.839,2.677,2.2523098778004074
SUL,RS,20926,2005-01-03,2005-06-30,2.04,2.85,2.5140870687183408
SUL,SC,13429,2005-01-03,2005-06-29,1.988,2.683,2.381416635639288
CENTRO-OESTE,DF,3592,2005-07-04,2005-12-28,2.049,2.599,2.4363964365256123
CENTRO-OESTE,GO,8859,2005-07-04,2005-12-28,1.99,2.78,2.432290213342364
CENTRO-OESTE,MS,3398,2005-07-04,2005-12-28,2.15,3.155,2.6320985874043554
CENTRO-OESTE,MT,4191,2005-07-04,2005-12-28,2.48,3.34,2.8208041040324505
NORDESTE,AL,2979,2005-07-04,2005-12-28,2.3,2.85,2.649826787512588
NORDESTE,BA,12638,2005-07-04,2005-12-29,2.1,2.895,2.4719790314923245
NORDESTE,CE,8645,2005-07-04,2005-12-29,2.05,2.89,2.550604164256796
NORDESTE,MA,3482,2005-07-04,2005-12-28,1.939,2.87,2.453629523262493
NORDESTE,PB,3362,2005-07-04,2005-12-28,1.97,2.75,2.406058001189768
NORDESTE,PE,9078,2005-07-04,2005-12-27,2.02,2.99,2.458141991628112
NORDESTE,PI,2353,2005-07-04,2005-12-28,1.99,2.79,2.4702260943476415
NORDESTE,RN,3554,2005-07-04,2005-12-28,1.98,2.62,2.4321052335396733
NORDESTE,SE,1784,2005-07-04,2005-12-28,2.14,2.62,2.40389798206278
NORTE,AC,1030,2005-07-04,2005-12-30,2.28,3.5,2.754502912621359
NORTE,AM,4057,2005-07-04,2005-12-28,2.22,3.05,2.6801358146413605
NORTE,AP,941,2005-07-04,2005-12-29,2.34,3.1,2.5045579171094583
NORTE,PA,4215,2005-07-04,2005-12-29,2.09,3.6,2.589673546856465
NORTE,RO,1569,2005-07-04,2005-12-29,2.19,3.19,2.6604856596558317
NORTE,RR,1092,2005-07-04,2005-12-29,2.35,2.99,2.716989926739927
NORTE,TO,1375,2005-07-04,2005-12-29,2.3,2.78,2.563648
SUDESTE,ES,5160,2005-07-04,2005-12-30,1.969,2.745,2.4215385658914728
SUDESTE,MG,30853,2005-07-04,2005-12-29,1.87,3.37,2.363030596700483
SUDESTE,RJ,23241,2005-07-04,2005-12-29,1.989,2.96,2.4325713609569295
SUDESTE,SP,77690,2005-07-04,2005-12-30,1.89,2.879,2.2998261037456555
SUL,PR,17085,2005-07-04,2005-12-29,1.88,2.899,2.3769223295288264
SUL,RS,15328,2005-07-04,2005-12-29,2.1,2.999,2.6891634916492695
SUL,SC,11321,2005-07-04,2005-12-29,1.889,2.99,2.4892924653299175
CENTRO-OESTE,DF,4160,2006-01-02,2006-06-29,2.189,2.92,2.581089903846154
CENTRO-OESTE,GO,10049,2006-01-02,2006-06-29,2.22,2.923,2.586236441436959
CENTRO-OESTE,MS,4854,2006-01-02,2006-06-28,2.499,3.15,2.7844975278121136
CENTRO-OESTE,MT,5171,2006-01-02,2006-06-29,2.19,3.5,2.9561684393734287
NORDESTE,AL,3570,2006-01-02,2006-06-29,2.509,2.898,2.7682820728291317
NORDESTE,BA,14087,2006-01-02,2006-06-29,2.28,2.999,2.6617025626464117
NORDESTE,CE,8541,2006-01-02,2006-06-29,2.27,2.99,2.695361901416696
NORDESTE,MA,4928,2006-01-02,2006-06-29,2.27,3.05,2.723099025974026
NORDESTE,PB,4636,2006-01-02,2006-06-28,2.14,2.789,2.5586093615185503
NORDESTE,PE,11516,2006-01-02,2006-06-28,2.17,2.92,2.6342966307745748
NORDESTE,PI,3031,2006-01-02,2006-06-29,2.27,2.85,2.5963441108545036
NORDESTE,RN,4038,2006-01-02,2006-06-29,2.25,2.759,2.588959881129272
NORDESTE,SE,2420,2006-01-02,2006-06-29,2.35,2.76,2.560865702479339
NORTE,AC,1444,2006-01-02,2006-06-28,2.77,3.5,2.980655817174515
NORTE,AM,5538,2006-01-02,2006-06-28,2.25,3.1,2.6163140122788007
NORTE,AP,1348,2006-01-03,2006-06-28,2.48,3.19,2.666140949554896
NORTE,PA,6094,2006-01-02,2006-06-28,2.32,3.3,2.7512356416147026
NORTE,RO,3027,2006-01-03,2006-06-29,2.338,3.24,2.774761810373307
NORTE,RR,1433,2006-01-03,2006-06-28,2.29,2.99,2.8957013258897417
NORTE,TO,1752,2006-01-03,2006-06-28,2.49,2.95,2.748158675799087
SUDESTE,ES,6964,2006-01-02,2006-06-29,2.33,2.899,2.629224727168294
SUDESTE,MG,36478,2006-01-02,2006-06-29,2.14,2.95,2.536719173200285
SUDESTE,RJ,24414,2006-01-02,2006-06-29,2.249,3.05,2.618700827394118
SUDESTE,SP,85271,2006-01-02,2006-06-29,2.07,2.997,2.4695989257778144
SUL,PR,20057,2006-01-02,2006-06-28,2.185,2.92,2.5340058832327865
SUL,RS,20409,2006-01-02,2006-06-29,2.29,3.04,2.764759125875839
SUL,SC,13410,2006-01-02,2006-06-29,1.87,2.89,2.621138031319911
CENTRO-OESTE,DF,3540,2006-07-03,2006-12-27,2.19,2.699,2.603552824858757
CENTRO-OESTE,GO,8826,2006-07-04,2006-12-27,2.23,2.9,2.6145582370269658
CENTRO-OESTE,MS,4373,2006-07-04,2006-12-28,2.41,2.95,2.753770866681912
CENTRO-OESTE,MT,4928,2006-07-04,2006-12-27,2.75,3.26,2.959865056818182
NORDESTE,AL,3144,2006-07-03,2006-12-27,2.59,2.99,2.803212150127227
NORDESTE,BA,13103,2006-07-03,2006-12-28,2.199,2.99,2.6833631229489425
NORDESTE,CE,7817,2006-07-03,2006-12-28,2.39,2.94,2.747927593706025
NORDESTE,MA,4445,2006-07-03,2006-12-28,2.39,3.05,2.746630146231721
NORDESTE,PB,4248,2006-07-03,2006-12-28,2.189,2.85,2.6184790489642187
NORDESTE,PE,10919,2006-07-03,2006-12-28,2.17,2.89,2.6540799523765912
NORDESTE,PI,3022,2006-07-03,2006-12-27,2.199,2.87,2.518938120450033
NORDESTE,RN,3724,2006-07-03,2006-12-28,2.18,2.799,2.641515037593985
NORDESTE,SE,2054,2006-07-05,2006-12-27,2.389,2.75,2.5616528724440117
NORTE,AC,1413,2006-07-03,2006-12-27,2.89,3.5,3.014935598018401
NORTE,AM,4620,2006-07-03,2006-12-27,2.12,3.1,2.584189826839827
NORTE,AP,1139,2006-07-03,2006-12-28,2.35,3.155,2.5827234416154523
NORTE,PA,5809,2006-07-03,2006-12-28,2.29,3.25,2.7148788087450506
NORTE,RO,3028,2006-07-03,2006-12-28,2.29,3.23,2.768857661822986
NORTE,RR,1317,2006-07-03,2006-12-27,2.33,2.99,2.842991647684131
NORTE,TO,1740,2006-07-04,2006-12-27,2.47,2.95,2.7434614942528732
SUDESTE,ES,6765,2006-07-03,2006-12-27,2.299,2.89,2.6581580192165557
SUDESTE,MG,33829,2006-07-03,2006-12-28,2.143,2.92,2.526764492003902
SUDESTE,RJ,25181,2006-07-03,2006-12-28,2.25,3.099,2.586786942536039
SUDESTE,SP,81066,2006-07-03,2006-12-28,2.129,2.999,2.462916241087509
SUL,PR,19275,2006-07-03,2006-12-28,2.119,2.85,2.5190955123216603
SUL,RS,21303,2006-07-03,2006-12-28,2.319,3.004,2.740919682673802
SUL,SC,12978,2006-07-03,2006-12-28,2.089,2.867,2.553333025119433
CENTRO-OESTE,DF,2678,2007-01-02,2007-06-27,2.169,2.699,2.560210978342046
CENTRO-OESTE,GO,8263,2007-01-02,2007-06-27,2.169,2.899,2.588037637661866
CENTRO-OESTE,MS,4114,2007-01-02,2007-06-27,2.35,2.97,2.7303393291200777
CENTRO-OESTE,MT,5362,2007-01-02,2007-06-28,2.71,3.26,2.946611152555017
NORDESTE,AL,3752,2007-01-02,2007-06-27,2.34,2.895,2.8002726545842216
NORDESTE,BA,14043,2007-01-02,2007-06-27,2.29,2.999,2.6670017090365308
NORDESTE,CE,7337,2007-01-02,2007-06-28,2.38,2.98,2.6818596156467223
NORDESTE,MA,4610,2007-01-02,2007-06-28,2.45,2.99,2.739156616052061
NORDESTE,PB,4471,2007-01-02,2007-06-27,2.26,2.75,2.6084025944978753
NORDESTE,PE,11483,2007-01-02,2007-06-28,2.18,2.89,2.624433858747714
NORDESTE,PI,3452,2007-01-02,2007-06-27,2.19,2.8,2.548754345307068
NORDESTE,RN,4273,2007-01-02,2007-06-27,2.15,2.78,2.5724020594430144
NORDESTE,SE,2142,2007-01-02,2007-06-28,2.4,2.78,2.5374626517273575
NORTE,AC,1536,2007-01-02,2007-06-27,2.83,3.3,2.9888157552083334
NORTE,AM,4703,2007-01-02,2007-06-27,2.12,3.1,2.543040399744844
NORTE,AP,1178,2007-01-02,2007-06-26,2.17,3.15,2.579827674023769
NORTE,PA,5874,2007-01-02,2007-06-28,2.269,3.31,2.691263874702077
NORTE,RO,3265,2007-01-02,2007-06-27,2.29,3.23,2.7320088820826953
NORTE,RR,1398,2007-01-02,2007-06-27,2.25,2.99,2.7125507868383405
NORTE,TO,1741,2007-01-03,2007-06-27,2.45,2.95,2.728603676048248
SUDESTE,ES,7332,2007-01-02,2007-06-27,2.289,2.89,2.6778476541189304
SUDESTE,MG,34819,2007-01-02,2007-06-28,1.96,2.92,2.5209388265027717
SUDESTE,RJ,28312,2007-01-02,2007-06-28,2.15,3.119,2.5718246326645944
SUDESTE,SP,91206,2007-01-02,2007-06-28,2.119,2.899,2.452806273710063
SUL,PR,21486,2007-01-02,2007-06-27,2.049,2.85,2.4617511868193245
SUL,RS,23334,2007-01-02,2007-06-28,2.17,2.999,2.6261504242735922
SUL,SC,14279,2007-01-02,2007-06-28,2.119,2.99,2.570687723229918
CENTRO-OESTE,DF,2294,2007-07-02,2007-12-31,2.459,2.679,2.5881181342632957
CENTRO-OESTE,GO,7056,2007-07-02,2007-12-31,2.09,2.799,2.5325415249433108
CENTRO-OESTE,MS,3732,2007-07-02,2007-12-31,2.444,2.999,2.7329091639871383
CENTRO-OESTE,MT,4165,2007-07-02,2007-12-31,2.39,3.23,2.874110444177671
NORDESTE,AL,2958,2007-07-02,2007-12-31,2.51,2.89,2.781615956727519
NORDESTE,BA,11904,2007-07-02,2007-12-31,2.09,2.998,2.611688256048387
NORDESTE,CE,6238,2007-07-02,2007-12-31,2.14,2.93,2.654440846425136
NORDESTE,MA,4048,2007-07-02,2007-12-31,2.499,2.99,2.721133893280632
NORDESTE,PB,3768,2007-07-02,2007-12-31,2.15,2.699,2.452245753715499
NORDESTE,PE,9493,2007-07-02,2007-12-31,2.17,2.89,2.5875022648267145
NORDESTE,PI,2881,2007-07-02,2007-12-31,2.32,2.76,2.6236070808746965
NORDESTE,RN,3423,2007-07-02,2007-12-31,2.14,2.699,2.526143149284253
NORDESTE,SE,1714,2007-07-02,2007-12-31,2.39,2.75,2.5329614935822637
NORTE,AC,1363,2007-07-02,2007-12-31,2.75,3.33,2.9885619955979457
NORTE,AM,3537,2007-07-02,2007-12-31,2.12,3.1,2.512356234096692
NORTE,AP,906,2007-07-02,2007-12-31,2.07,3.15,2.424398454746137
NORTE,PA,5299,2007-07-02,2007-12-31,2.25,3.25,2.7343455368937537
NORTE,RO,2827,2007-07-02,2007-12-31,2.223,3.23,2.725904492394765
NORTE,RR,995,2007-07-02,2007-12-31,2.3,2.99,2.6424633165829143
NORTE,TO,1605,2007-07-02,2007-12-26,2.36,2.89,2.6941246105919
SUDESTE,ES,5646,2007-07-02,2007-12-31,2.29,2.89,2.609875132837407
SUDESTE,MG,28358,2007-07-02,2007-12-31,2.129,2.96,2.492353692079836
SUDESTE,RJ,21647,2007-07-02,2007-12-31,2.219,3.119,2.5605928766110777
SUDESTE,SP,69850,2007-07-02,2007-12-31,2.0,2.947,2.416571123836793
SUL,PR,16518,2007-07-02,2007-12-31,2.109,2.85,2.4485353553698994
SUL,RS,17791,2007-07-02,2007-12-31,2.13,2.95,2.57130301838008
SUL,SC,11114,2007-07-02,2007-12-31,2.188,2.99,2.5368775418391216
CENTRO-OESTE,DF,2054,2008-01-02,2008-06-24,2.15,2.699,2.5687259006815966
CENTRO-OESTE,GO,6583,2008-01-02,2008-06-25,2.18,2.799,2.535595928907793
CENTRO-OESTE,MS,3357,2008-01-03,2008-06-23,2.289,2.899,2.7343854632112006
CENTRO-OESTE,MT,3557,2008-01-02,2008-06-25,2.37,3.2,2.842183581669947
NORDESTE,AL,2511,2008-01-02,2008-06-25,2.51,2.852,2.755225806451613
NORDESTE,BA,10776,2008-01-02,2008-06-26,2.219,2.954,2.6313775983667407
NORDESTE,CE,5841,2008-01-02,2008-06-25,2.199,2.9,2.6411129943502827
NORDESTE,MA,3754,2008-01-02,2008-06-26,1.95,2.99,2.6958966435801814
NORDESTE,PB,3348,2008-01-02,2008-06-26,2.149,2.69,2.4502610513739547
NORDESTE,PE,8683,2008-01-02,2008-06-26,2.327,2.89,2.6082964413221235
NORDESTE,PI,2686,2008-01-02,2008-06-26,2.37,2.86,2.607054728220402
NORDESTE,RN,2950,2008-01-03,2008-06-23,2.15,2.699,2.5469318644067793
NORDESTE,SE,1474,2008-01-07,2008-06-24,2.39,2.75,2.533640434192673
NORTE,AC,1264,2008-01-02,2008-06-26,2.84,3.3,3.032151898734177
NORTE,AM,3223,2008-01-02,2008-06-25,2.18,3.0,2.50930623642569
NORTE,AP,833,2008-01-02,2008-06-25,2.45,3.15,2.6343265306122445
NORTE,PA,4793,2008-01-02,2008-06-26,2.36,3.25,2.796151053619862
NORTE,RO,2703,2008-01-02,2008-06-25,2.43,3.35,2.7551764705882356
NORTE,RR,810,2008-01-02,2008-06-25,2.4,3.0,2.721172839506173
NORTE,TO,1595,2008-01-02,2008-06-25,2.46,2.85,2.7185523510971787
SUDESTE,ES,4985,2008-01-02,2008-06-26,2.27,2.92,2.632018054162488
SUDESTE,MG,25591,2008-01-02,2008-06-26,2.079,2.95,2.5051398147786332
SUDESTE,RJ,19030,2008-01-02,2008-06-25,2.23,3.19,2.5785782448765104
SUDESTE,SP,61110,2008-01-02,2008-06-27,2.079,2.99,2.421835787923417
SUL,PR,14509,2008-01-02,2008-06-26,2.03,2.85,2.427199186711696
SUL,RS,16029,2008-01-02,2008-06-26,2.15,2.9,2.577862748767858
SUL,SC,10053,2008-01-02,2008-06-26,2.019,2.828,2.539053516363275
CENTRO-OESTE,DF,2357,2008-07-01,2008-12-30,2.139,2.69,2.542300806109461
CENTRO-OESTE,GO,6975,2008-07-01,2008-12-31,2.21,2.99,2.563946810035842
CENTRO-OESTE,MS,3753,2008-07-01,2008-12-30,2.348,2.899,2.728384492406075
CENTRO-OESTE,MT,3949,2008-07-01,2008-12-31,2.29,3.2,2.7232215750822992
NORDESTE,AL,2846,2008-07-01,2008-12-31,2.49,2.95,2.748935699226985
NORDESTE,BA,11306,2008-07-01,2008-12-31,2.34,2.972,2.654298071820272
NORDESTE,CE,6164,2008-07-01,2008-12-31,2.34,2.98,2.64745116807268
NORDESTE,MA,3968,2008-07-01,2008-12-31,2.32,2.99,2.666562247983871
NORDESTE,PB,3566,2008-07-01,2008-12-31,2.149,2.73,2.4718839035333704
NORDESTE,PE,9128,2008-07-01,2008-12-31,2.29,2.96,2.612254820333041
NORDESTE,PI,2861,2008-07-01,2008-12-31,2.4,2.86,2.621024117441454
NORDESTE,RN,3294,2008-07-01,2008-12-30,2.25,2.73,2.6300631451123255
NORDESTE,SE,1749,2008-07-01,2008-12-30,2.39,2.79,2.540768439108062
NORTE,AC,1408,2008-07-01,2008-12-31,2.88,3.33,3.0416747159090907
NORTE,AM,3496,2008-07-01,2008-12-31,2.17,3.0,2.539261155606407
NORTE,AP,1025,2008-07-01,2008-12-30,2.49,3.15,2.667871219512195
NORTE,PA,5187,2008-07-01,2008-12-31,2.379,3.12,2.811107383844226
NORTE,RO,2897,2008-07-01,2008-12-31,2.35,3.23,2.754778046254746
NORTE,RR,878,2008-07-01,2008-12-31,2.45,3.15,2.7556697038724374
NORTE,TO,1691,2008-07-01,2008-12-31,2.469,2.85,2.7209609698403314
SUDESTE,ES,5361,2008-07-01,2008-12-31,2.29,2.89,2.6602346577131133
SUDESTE,MG,27171,2008-07-01,2008-12-31,2.049,2.92,2.4993924404696184
SUDESTE,RJ,19944,2008-07-01,2008-12-31,2.27,3.19,2.586080675892499
SUDESTE,SP,64454,2008-07-01,2008-12-31,1.39,2.99,2.428017718062494
SUL,PR,15325,2008-07-01,2008-12-31,2.069,2.85,2.439906427406199
SUL,RS,16722,2008-07-01,2008-12-31,2.269,2.899,2.60778399712953
SUL,SC,10513,2008-07-01,2008-12-31,2.239,2.831,2.5511527632455056
CENTRO-OESTE,DF,2285,2009-01-05,2009-06-30,2.62,2.8,2.6724638949671773
CENTRO-OESTE,GO,6522,2009-01-06,2009-06-30,2.23,2.799,2.601866758662987
CENTRO-OESTE,MS,3610,2009-01-05,2009-06-30,2.299,2.899,2.7001905817174516
CENTRO-OESTE,MT,3669,2009-01-05,2009-06-30,2.38,3.06,2.740990188062142
NORDESTE,AL,2721,2009-01-05,2009-06-30,2.52,2.99,2.6916108048511576
NORDESTE,BA,10640,2009-01-05,2009-06-30,2.249,2.989,2.652016541353383
NORDESTE,CE,5769,2009-01-05,2009-06-30,2.119,2.99,2.599529554515514
NORDESTE,MA,3798,2009-01-05,2009-06-30,2.109,2.99,2.651320431806214
NORDESTE,PB,3382,2009-01-05,2009-06-30,2.097,2.79,2.4314722057953873
NORDESTE,PE,8661,2009-01-05,2009-06-30,1.99,2.999,2.5772829927260132
NORDESTE,PI,2726,2009-01-06,2009-06-30,2.39,2.86,2.5890843727072634
NORDESTE,RN,3108,2009-01-05,2009-06-30,2.15,2.699,2.6024362934362935
NORDESTE,SE,1655,2009-01-05,2009-06-30,2.389,2.77,2.5383480362537765
NORTE,AC,1405,2009-01-05,2009-06-30,2.85,3.34,3.046044839857651
NORTE,AM,3343,2009-01-05,2009-06-30,2.24,3.0,2.6273882740053844
NORTE,AP,1003,2009-01-05,2009-06-30,2.62,3.0,2.710861415752742
NORTE,PA,5042,2009-01-05,2009-06-30,2.45,3.12,2.812958746529155
NORTE,RO,2720,2009-01-05,2009-06-30,2.29,3.23,2.7291069852941177
NORTE,RR,850,2009-01-05,2009-06-30,2.49,3.15,2.7555764705882355
NORTE,TO,1566,2009-01-06,2009-06-30,2.48,2.85,2.72513282247765
SUDESTE,ES,4875,2009-01-05,2009-06-30,2.399,2.796,2.664967794871795
SUDESTE,MG,25809,2009-01-05,2009-06-30,2.1,2.92,2.4940017823239957
SUDESTE,RJ,18725,2009-01-05,2009-06-30,2.27,3.229,2.5887575967957277
SUDESTE,SP,61385,2009-01-05,2009-06-30,2.059,2.799,2.4198116640873177
SUL,PR,14667,2009-01-05,2009-06-30,2.129,2.85,2.4673386513942863
SUL,RS,15732,2009-01-05,2009-06-30,2.239,2.89,2.579408975336893
SUL,SC,9982,2009-01-05,2009-06-30,2.139,2.811,2.5339333800841515
CENTRO-OESTE,DF,1392,2009-07-06,2009-12-28,2.288,2.79,2.6814705459770116
CENTRO-OESTE,GO,5943,2009-07-01,2009-12-29,2.19,2.97,2.6024655897694764
CENTRO-OESTE,MS,2710,2009-07-01,2009-12-30,2.31,2.99,2.7084350553505536
CENTRO-OESTE,MT,2860,2009-07-01,2009-12-30,2.159,3.29,2.7716486013986015
NORDESTE,AL,2222,2009-07-01,2009-12-29,2.248,2.99,2.6993123312331235
NORDESTE,BA,9109,2009-07-01,2009-12-29,2.174,2.99,2.6618805576901963
NORDESTE,CE,5145,2009-07-01,2009-12-29,2.05,3.39,2.6512952380952384
NORDESTE,MA,2177,2009-07-01,2009-12-29,2.22,2.99,2.6111543408360127
NORDESTE,PB,2749,2009-07-01,2009-12-29,2.19,2.89,2.419431065842124
NORDESTE,PE,7237,2009-07-01,2009-12-29,2.09,3.28,2.5968283819262123
NORDESTE,PI,1936,2009-07-01,2009-12-29,2.059,2.89,2.5704426652892565
NORDESTE,RN,2614,2009-07-01,2009-12-29,2.05,2.9,2.5828022188217292
NORDESTE,SE,1237,2009-07-01,2009-12-29,2.152,2.782,2.5698181083265967
NORTE,AC,1053,2009-07-01,2009-12-29,2.1,3.38,3.021364672364672
NORTE,AM,2970,2009-07-01,2009-12-30,2.15,3.0,2.6348420875420873
NORTE,AP,471,2009-07-01,2009-12-28,2.43,3.08,2.7376411889596604
NORTE,PA,3321,2009-07-01,2009-12-30,2.08,3.199,2.787178259560373
NORTE,RO,1393,2009-07-01,2009-12-29,2.29,3.2,2.738889447236181
NORTE,RR,823,2009-07-03,2009-12-29,2.39,3.15,2.7204009720534628
NORTE,TO,1023,2009-07-01,2009-12-29,2.41,2.89,2.7189931573802544
SUDESTE,ES,2555,2009-07-01,2009-12-29,2.39,2.95,2.626704109589041
SUDESTE,MG,17723,2009-07-01,2009-12-30,2.119,2.99,2.509945776674378
SUDESTE,RJ,14601,2009-07-01,2009-12-29,2.27,3.299,2.593678104239436
SUDESTE,SP,46832,2009-07-01,2009-12-30,2.043,3.0,2.433156602323198
SUL,PR,10608,2009-07-01,2009-12-30,1.963,3.5,2.524630938914027
SUL,RS,10939,2009-07-01,2009-12-31,2.074,3.26,2.594607002468233
SUL,SC,6630,2009-07-01,2009-12-30,2.049,3.297,2.5468107088989442
CENTRO-OESTE,DF,1782,2010-01-05,2010-06-30,2.49,2.99,2.7147379349046012
CENTRO-OESTE,GO,6723,2010-01-04,2010-06-30,2.19,3.269,2.613903019485349
CENTRO-OESTE,MS,3355,2010-01-04,2010-06-30,2.34,2.98,2.69007868852459
CENTRO-OESTE,MT,3597,2010-01-04,2010-06-30,2.49,3.29,2.811085348901863
NORDESTE,AL,2528,2010-01-04,2010-06-29,2.273,2.98,2.7169323575949367
NORDESTE,BA,10765,2010-01-04,2010-06-30,2.28,2.999,2.725879888527636
NORDESTE,CE,5747,2010-01-05,2010-06-30,2.189,2.99,2.681798851574735
NORDESTE,MA,3588,2010-01-04,2010-06-30,2.16,2.99,2.637272575250836
NORDESTE,PB,3101,2010-01-04,2010-06-30,2.14,2.72,2.4267452434698487
NORDESTE,PE,8572,2010-01-04,2010-06-30,2.04,2.999,2.610406906206253
NORDESTE,PI,2434,2010-01-04,2010-06-30,2.19,2.79,2.5628467543138864
NORDESTE,RN,3016,2010-01-05,2010-06-30,2.23,2.89,2.6707785145888594
NORDESTE,SE,1491,2010-01-05,2010-06-29,2.359,2.89,2.6230925553319917
NORTE,AC,1222,2010-01-05,2010-06-30,2.459,3.5,3.056801963993453
NORTE,AM,3060,2010-01-04,2010-06-30,2.29,3.09,2.719551633986928
NORTE,AP,719,2010-01-04,2010-06-29,2.59,3.1,2.890795549374131
NORTE,PA,4575,2010-01-04,2010-06-30,2.39,3.499,2.849466010928962
NORTE,RO,2241,2010-01-04,2010-06-30,2.178,3.2,2.7891267291387773
NORTE,RR,784,2010-01-04,2010-06-30,2.48,2.98,2.8362499999999997
NORTE,TO,1352,2010-01-04,2010-06-30,2.59,2.92,2.8218579881656805
SUDESTE,ES,4581,2010-01-04,2010-06-30,2.39,2.99,2.691967692643528
SUDESTE,MG,24582,2010-01-04,2010-06-30,2.13,3.379,2.5695700919371895
SUDESTE,RJ,17801,2010-01-04,2010-06-30,2.199,3.299,2.6865310937587776
SUDESTE,SP,60514,2010-01-04,2010-06-30,2.09,3.239,2.489199177049939
SUL,PR,14113,2010-01-04,2010-06-30,2.131,3.365,2.56496336710834
SUL,RS,15539,2010-01-04,2010-06-30,2.257,2.99,2.633430851406139
SUL,SC,9824,2010-01-04,2010-06-30,2.117,3.49,2.6031866856677524
CENTRO-OESTE,DF,2066,2010-07-05,2010-12-27,2.49,2.79,2.7071921587608907
CENTRO-OESTE,GO,6632,2010-07-05,2010-12-28,2.229,2.86,2.624479794933655
CENTRO-OESTE,MS,3427,2010-07-05,2010-12-29,2.29,2.999,2.719382842135979
CENTRO-OESTE,MT,3611,2010-07-01,2010-12-29,2.48,3.29,2.800921628357796
NORDESTE,AL,2527,2010-07-05,2010-12-29,2.39,2.93,2.728698060941828
NORDESTE,BA,10932,2010-07-05,2010-12-29,2.209,2.999,2.711811928283937
NORDESTE,CE,5857,2010-07-05,2010-12-29,2.36,2.988,2.7164367423595697
NORDESTE,MA,3808,2010-07-05,2010-12-28,2.27,2.99,2.644429359243697
NORDESTE,PB,3111,2010-07-05,2010-12-28,2.228,2.899,2.4835053037608485
NORDESTE,PE,8739,2010-07-05,2010-12-29,2.329,2.999,2.6224682457947135
NORDESTE,PI,2585,2010-07-06,2010-12-28,2.263,2.77,2.555938491295938
NORDESTE,RN,3025,2010-07-05,2010-12-29,2.47,2.89,2.674850909090909
NORDESTE,SE,1464,2010-07-05,2010-12-29,2.349,2.84,2.610032786885246
NORTE,AC,1324,2010-07-06,2010-12-29,2.52,3.5,3.0719826283987914
NORTE,AM,3037,2010-07-05,2010-12-29,2.25,3.065,2.664336187026671
NORTE,AP,856,2010-07-05,2010-12-27,2.74,3.1,2.8686460280373836
NORTE,PA,4860,2010-07-05,2010-12-28,2.48,3.47,2.847824485596708
NORTE,RO,2656,2010-07-05,2010-12-27,2.32,3.25,2.8090496987951807
NORTE,RR,880,2010-07-05,2010-12-28,2.39,3.0,2.841634090909091
NORTE,TO,1533,2010-07-01,2010-12-27,2.54,2.92,2.8092785388127854
SUDESTE,ES,4924,2010-07-05,2010-12-28,2.39,2.893,2.7023679935012184
SUDESTE,MG,25660,2010-07-01,2010-12-29,1.899,2.97,2.5679805533904907
SUDESTE,RJ,19035,2010-07-05,2010-12-29,2.309,3.339,2.66761061203047
SUDESTE,SP,61247,2010-07-01,2010-12-29,2.099,2.999,2.4793593645403043
SUL,PR,14524,2010-07-05,2010-12-29,2.169,2.999,2.5704859542825664
SUL,RS,15908,2010-07-01,2010-12-29,2.258,2.99,2.6349508423434753
SUL,SC,10029,2010-07-05,2010-12-29,2.08,2.989,2.5715863994416193
CENTRO-OESTE,DF,2079,2011-01-04,2011-06-28,2.49,2.97,2.825185185185185
CENTRO-OESTE,GO,6647,2011-01-03,2011-06-28,2.39,3.39,2.86833127726794
CENTRO-OESTE,MS,3429,2011-01-03,2011-06-29,2.268,3.374,2.8120676582093904
CENTRO-OESTE,MT,3610,2011-01-03,2011-06-28,2.51,3.47,2.915298614958449
NORDESTE,AL,2554,2011-01-03,2011-06-28,2.55,3.189,2.8330516836335162
NORDESTE,BA,11109,2011-01-03,2011-06-29,2.269,3.19,2.785415158880187
NORDESTE,CE,5926,2011-01-03,2011-06-29,2.45,3.09,2.7806164360445496
NORDESTE,MA,3852,2011-01-03,2011-06-29,2.26,3.19,2.7413084112149533
NORDESTE,PB,3186,2011-01-03,2011-06-29,2.199,2.959,2.572783741368487
NORDESTE,PE,8778,2011-01-03,2011-06-29,2.329,3.1,2.6914708361813626
NORDESTE,PI,2659,2011-01-03,2011-06-29,2.4,2.99,2.696612636329447
NORDESTE,RN,3023,2011-01-03,2011-06-28,2.36,2.99,2.751330135626861
NORDESTE,SE,1469,2011-01-03,2011-06-28,2.389,3.099,2.7118978897208987
NORTE,AC,1352,2011-01-03,2011-06-29,2.49,3.56,3.173417159763314
NORTE,AM,3105,2011-01-03,2011-06-30,2.33,3.4,2.8196154589371982
NORTE,AP,986,2011-01-03,2011-06-27,2.62,3.39,2.9025091277890462
NORTE,PA,5108,2011-01-03,2011-06-29,2.52,3.54,2.908464173844949
NORTE,RO,2678,2011-01-03,2011-06-28,2.74,3.59,2.9477415982076174
NORTE,RR,944,2011-01-03,2011-06-28,2.49,3.25,2.924961864406779
NORTE,TO,1563,2011-01-03,2011-06-28,2.54,3.39,2.8897165706973773
SUDESTE,ES,4978,2011-01-03,2011-06-29,2.319,3.29,2.869302330253114
SUDESTE,MG,25767,2011-01-03,2011-06-29,2.297,3.329,2.7831152637093957
SUDESTE,RJ,18866,2011-01-03,2011-06-29,2.38,3.629,2.8432188063182444
SUDESTE,SP,61881,2011-01-03,2011-06-29,2.019,3.299,2.6366239718168747
SUL,PR,14713,2011-01-03,2011-06-29,2.37,3.14,2.7069586760008155
SUL,RS,15872,2011-01-03,2011-06-29,2.29,3.19,2.764432900705645
SUL,SC,10056,2011-01-03,2011-06-29,2.29,3.17,2.715391706443914
CENTRO-OESTE,DF,2080,2011-07-05,2011-12-29,2.76,2.97,2.839046153846154
CENTRO-OESTE,GO,6625,2011-07-04,2011-12-29,2.53,3.099,2.872847245283019
CENTRO-OESTE,MS,3427,2011-07-04,2011-12-28,2.329,3.3,2.766117595564634
CENTRO-OESTE,MT,3594,2011-07-04,2011-12-28,2.57,3.39,2.9162178631051754
NORDESTE,AL,2545,2011-07-04,2011-12-29,2.599,2.99,2.800997249508841
NORDESTE,BA,11135,2011-07-04,2011-12-29,2.27,3.19,2.775376470588235
NORDESTE,CE,5930,2011-07-04,2011-12-29,2.469,3.09,2.771964924114671
NORDESTE,MA,3852,2011-07-04,2011-12-29,2.249,3.238,2.7237310488058153
NORDESTE,PB,3211,2011-07-04,2011-12-29,2.209,2.85,2.5730221114917473
NORDESTE,PE,8694,2011-07-04,2011-12-29,2.37,3.037,2.699416494133885
NORDESTE,PI,2622,2011-07-04,2011-12-28,2.43,2.88,2.670517543859649
NORDESTE,RN,3021,2011-07-04,2011-12-29,2.39,2.99,2.6964856007944387
NORDESTE,SE,1484,2011-07-04,2011-12-28,2.477,2.98,2.767171832884097
NORTE,AC,1352,2011-07-05,2011-12-29,3.02,3.5,3.1964526627218937
NORTE,AM,3129,2011-07-04,2011-12-29,2.31,3.4,2.8930169383189517
NORTE,AP,868,2011-07-04,2011-12-28,2.609,3.2,2.8143536866359447
NORTE,PA,5109,2011-07-04,2011-12-28,2.52,3.54,2.9428772753963592
NORTE,RO,2682,2011-07-04,2011-12-28,2.84,3.39,2.989459358687547
NORTE,RR,947,2011-07-05,2011-12-27,2.5,3.15,2.8179007391763466
NORTE,TO,1581,2011-07-04,2011-12-28,2.67,2.999,2.925240986717268
SUDESTE,ES,4932,2011-07-04,2011-12-29,2.59,3.12,2.8900484590429847
SUDESTE,MG,25663,2011-07-04,2011-12-29,2.379,3.2,2.8580656976970733
SUDESTE,RJ,19132,2011-07-04,2011-12-29,2.539,3.719,2.885800595860339
SUDESTE,SP,61826,2011-07-04,2011-12-29,2.199,3.399,2.669328551095009
SUL,PR,14667,2011-07-04,2011-12-29,2.379,3.15,2.7225355560100906
SUL,RS,15899,2011-07-04,2011-12-29,2.359,3.279,2.80937499213787
SUL,SC,10045,2011-07-04,2011-12-29,2.349,3.038,2.7450325535092084
CENTRO-OESTE,DF,2080,2012-01-04,2012-06-27,2.79,2.92,2.8431442307692305
CENTRO-OESTE,GO,6621,2012-01-04,2012-06-27,2.49,3.499,2.842144389065096
CENTRO-OESTE,MS,3406,2012-01-02,2012-06-27,2.389,3.248,2.7866165590135057
CENTRO-OESTE,MT,3580,2012-01-02,2012-06-27,2.59,3.29,2.982390782122905
NORDESTE,AL,2520,2012-01-02,2012-06-27,2.39,2.998,2.7707230158730156
NORDESTE,BA,11113,2012-01-02,2012-06-28,2.35,3.16,2.775574642310807
NORDESTE,CE,5926,2012-01-02,2012-06-27,2.39,3.09,2.759240465744178
NORDESTE,MA,3870,2012-01-02,2012-06-28,2.259,3.19,2.726062790697674
NORDESTE,PB,3222,2012-01-02,2012-06-28,2.32,2.89,2.598900993171943
NORDESTE,PE,8639,2012-01-02,2012-06-28,2.38,2.999,2.7271267507813404
NORDESTE,PI,2625,2012-01-03,2012-06-28,2.34,3.253,2.6196853333333334
NORDESTE,RN,2972,2012-01-02,2012-06-27,2.39,2.98,2.7074697173620454
NORDESTE,SE,1470,2012-01-02,2012-06-27,2.489,2.899,2.7519959183673466
NORTE,AC,1351,2012-01-03,2012-06-28,2.92,3.49,3.1974626202812733
NORTE,AM,3105,2012-01-02,2012-06-27,2.65,3.38,2.9422086956521736
NORTE,AP,907,2012-01-02,2012-06-27,2.55,3.25,2.787637265711136
NORTE,PA,5100,2012-01-02,2012-06-27,2.37,3.45,2.939830980392157
NORTE,RO,2676,2012-01-02,2012-06-27,2.79,3.59,2.9769715994020927
NORTE,RR,904,2012-01-02,2012-06-28,2.55,3.17,2.885803097345133
NORTE,TO,1585,2012-01-04,2012-06-27,2.67,2.999,2.914594321766562
SUDESTE,ES,4902,2012-01-02,2012-06-28,2.49,3.11,2.862865157078743
SUDESTE,MG,25652,2012-01-02,2012-06-28,2.479,3.14,2.8512631763605176
SUDESTE,RJ,19213,2012-01-02,2012-06-28,2.49,3.719,2.8796108884609377
SUDESTE,SP,61738,2012-01-02,2012-06-28,2.199,3.399,2.6578762674527843
SUL,PR,14673,2012-01-02,2012-06-28,2.264,3.15,2.7248519048592654
SUL,RS,15973,2012-01-02,2012-06-28,2.328,3.099,2.7958518750391286
SUL,SC,10001,2012-01-02,2012-06-28,2.259,3.038,2.7375874412558745
CENTRO-OESTE,DF,2080,2012-07-04,2012-12-26,2.71,2.859,2.8288057692307693
CENTRO-OESTE,GO,6717,2012-07-03,2012-12-31,2.459,3.099,2.802734107488462
CENTRO-OESTE,MS,3400,2012-07-03,2012-12-27,2.59,3.248,2.870055882352941
CENTRO-OESTE,MT,3646,2012-07-03,2012-12-31,2.699,3.26,2.9715603400987387
NORDESTE,AL,2521,2012-07-02,2012-12-31,2.39,2.96,2.761363744545815
NORDESTE,BA,11019,2012-07-02,2012-12-31,2.25,3.149,2.76520863962247
NORDESTE,CE,6020,2012-07-02,2012-12-31,2.399,3.03,2.7791573089700994
NORDESTE,MA,3942,2012-07-02,2012-12-31,2.35,3.2,2.741699137493658
NORDESTE,PB,3276,2012-07-02,2012-12-31,2.319,2.98,2.614929181929182
NORDESTE,PE,8705,2012-07-02,2012-12-31,2.255,3.02,2.7500450315910396
NORDESTE,PI,2663,2012-07-02,2012-12-31,2.37,2.88,2.6220705970709726
NORDESTE,RN,2945,2012-07-03,2012-12-27,2.39,2.99,2.705085568760611
NORDESTE,SE,1436,2012-07-04,2012-12-26,2.529,2.949,2.7789192200557102
NORTE,AC,1352,2012-07-03,2012-12-27,3.02,3.5,3.2072307692307693
NORTE,AM,3082,2012-07-02,2012-12-26,2.7,3.38,2.9467469175859833
NORTE,AP,948,2012-07-03,2012-12-27,2.53,3.1,2.7901213080168774
NORTE,PA,5113,2012-07-03,2012-12-31,2.53,3.49,2.9415873264228436
NORTE,RO,2703,2012-07-02,2012-12-31,2.81,3.39,2.9679593044765076
NORTE,RR,895,2012-07-02,2012-12-31,2.84,3.25,2.8947486033519554
NORTE,TO,1620,2012-07-03,2012-12-31,2.449,2.999,2.898311728395062
SUDESTE,ES,4938,2012-07-02,2012-12-31,2.49,3.11,2.858501417577967
SUDESTE,MG,25929,2012-07-02,2012-12-31,2.398,3.279,2.8443912221836554
SUDESTE,RJ,19237,2012-07-02,2012-12-31,2.459,3.799,2.879367416956906
SUDESTE,SP,61958,2012-07-02,2012-12-31,2.189,3.399,2.6437691177894704
SUL,PR,14727,2012-07-02,2012-12-31,2.29,3.15,2.723998913560128
SUL,RS,16083,2012-07-02,2012-12-31,2.282,3.14,2.795688304420817
SUL,SC,10038,2012-07-02,2012-12-31,2.235,2.999,2.717645248057382
CENTRO-OESTE,DF,2080,2013-01-02,2013-06-26,2.71,3.09,2.958784134615385
CENTRO-OESTE,GO,6459,2013-01-02,2013-06-27,2.559,3.29,2.916401300510915
CENTRO-OESTE,MS,3381,2013-01-02,2013-06-27,2.599,3.26,3.0148751848565514
CENTRO-OESTE,MT,3608,2013-01-02,2013-06-27,2.67,3.41,3.0345920177383596
NORDESTE,AL,2451,2013-01-02,2013-06-27,2.54,3.09,2.872373317013464
NORDESTE,BA,10922,2013-01-02,2013-06-27,2.439,3.349,2.934933803332723
NORDESTE,CE,5836,2013-01-02,2013-06-26,2.51,3.16,2.89917135023989
NORDESTE,MA,3776,2013-01-02,2013-06-27,2.42,3.39,2.8812624470338983
NORDESTE,PB,3183,2013-01-02,2013-06-27,2.45,2.98,2.759187244737669
NORDESTE,PE,8581,2013-01-02,2013-06-27,2.459,3.2,2.832896981703764
NORDESTE,PI,2619,2013-01-02,2013-06-26,2.4,2.98,2.7416204658266516
NORDESTE,RN,2940,2013-01-02,2013-06-26,2.62,2.999,2.8692040816326534
NORDESTE,SE,1431,2013-01-02,2013-06-26,2.669,3.06,2.8979007686932214
NORTE,AC,1352,2013-01-02,2013-06-26,3.02,3.64,3.2920658284023667
NORTE,AM,3133,2013-01-02,2013-06-26,2.698,3.58,3.0448123204596236
NORTE,AP,853,2013-01-02,2013-06-26,2.53,3.33,2.9369613130128958
NORTE,PA,4985,2013-01-02,2013-06-27,2.59,3.63,3.0555039117352054
NORTE,RO,2546,2013-01-02,2013-06-27,2.81,3.35,3.0585946582875096
NORTE,RR,857,2013-01-02,2013-06-27,2.85,3.39,3.0094865810968496
NORTE,TO,1514,2013-01-02,2013-06-26,2.77,3.12,3.01907001321004
SUDESTE,ES,4897,2013-01-02,2013-06-27,2.39,3.19,2.9308427608740044
SUDESTE,MG,25191,2013-01-02,2013-06-27,2.469,3.553,2.9409628438728115
SUDESTE,RJ,19124,2013-01-02,2013-06-27,2.549,3.939,3.007859966534198
SUDESTE,SP,61492,2013-01-02,2013-06-27,2.229,3.499,2.7553558511676317
SUL,PR,14611,2013-01-02,2013-06-27,2.459,3.439,2.8745113955239203
SUL,RS,15983,2013-01-02,2013-06-27,2.379,3.49,2.9000563723956705
SUL,SC,10021,2013-01-02,2013-06-27,2.35,3.188,2.845685759904201
CENTRO-OESTE,DF,2160,2013-07-01,2013-12-31,2.799,3.099,3.0019222222222224
CENTRO-OESTE,GO,6874,2013-07-01,2013-12-31,2.56,3.35,2.934498108815828
CENTRO-OESTE,MS,3380,2013-07-01,2013-12-30,2.769,3.389,3.049696449704142
CENTRO-OESTE,MT,3713,2013-07-01,2013-12-30,2.698,3.41,3.0327454888230543
NORDESTE,AL,2542,2013-07-01,2013-12-31,2.549,3.18,2.891952399685287
NORDESTE,BA,11149,2013-07-01,2013-12-31,2.377,3.559,2.909547134272132
NORDESTE,CE,6014,2013-07-01,2013-12-31,2.49,3.45,2.923000332557366
NORDESTE,MA,3921,2013-07-01,2013-12-31,2.449,3.39,2.895282325937261
NORDESTE,PB,3212,2013-07-01,2013-12-30,2.63,3.0,2.7958125778331255
NORDESTE,PE,8850,2013-07-01,2013-12-31,2.4,3.3,2.8653077966101694
NORDESTE,PI,2739,2013-07-01,2013-12-31,2.55,3.08,2.759120481927711
NORDESTE,RN,2959,2013-07-01,2013-12-30,2.669,3.08,2.8951612031091583
NORDESTE,SE,1473,2013-07-01,2013-12-31,2.659,3.099,2.895408010862186
NORTE,AC,1362,2013-07-01,2013-12-30,3.129,3.7,3.34453671071953
NORTE,AM,3117,2013-07-01,2013-12-30,2.75,3.68,3.0831094000641643
NORTE,AP,827,2013-07-01,2013-12-31,2.53,3.43,2.9416154776299877
NORTE,PA,5054,2013-07-01,2013-12-31,2.699,3.77,3.091285912148793
NORTE,RO,2649,2013-07-01,2013-12-31,2.92,3.59,3.0980403926009816
NORTE,RR,911,2013-07-02,2013-12-31,2.98,3.39,3.0406520307354556
NORTE,TO,1579,2013-07-01,2013-12-30,2.66,3.29,3.0362710576314123
SUDESTE,ES,5060,2013-07-01,2013-12-31,2.37,3.25,2.9150741106719367
SUDESTE,MG,26291,2013-07-01,2013-12-31,2.489,3.409,2.9420004944657867
SUDESTE,RJ,19457,2013-07-01,2013-12-31,2.659,4.079,3.0267933391581434
SUDESTE,SP,62880,2013-07-01,2013-12-31,2.309,3.499,2.755713247455471
SUL,PR,15019,2013-07-01,2013-12-31,2.255,3.297,2.8700756375258005
SUL,RS,16444,2013-07-01,2013-12-31,2.499,3.5,2.912693201167599
SUL,SC,10257,2013-07-01,2013-12-30,2.439,3.314,2.8713198791069514
CENTRO-OESTE,DF,1433,2014-01-07,2014-05-07,2.99,3.213,3.094252616887648
CENTRO-OESTE,GO,4507,2014-01-02,2014-05-08,2.88,3.35,3.109384069225649
CENTRO-OESTE,MS,2385,2014-01-02,2014-05-07,2.849,3.5,3.150585744234801
CENTRO-OESTE,MT,2576,2014-01-02,2014-05-08,2.79,3.4,3.1427624223602484
NORDESTE,AL,1651,2014-01-02,2014-05-08,2.699,3.18,2.9914094488188976
NORDESTE,BA,7375,2014-01-01,2014-05-08,2.59,3.599,3.037445694915254
NORDESTE,CE,4113,2014-01-02,2014-05-06,2.72,3.25,3.0023868222708487
NORDESTE,MA,2583,2014-01-02,2014-05-07,2.549,3.49,2.980121951219512
NORDESTE,PB,2204,2014-01-02,2014-05-07,2.67,3.089,2.8464868421052634
NORDESTE,PE,5950,2014-01-01,2014-05-08,2.494,3.3,2.9372036974789917
NORDESTE,PI,1823,2014-01-02,2014-05-07,2.62,3.08,2.8277910038398244
NORDESTE,RN,2094,2014-01-02,2014-05-08,2.599,3.1,2.991670009551098
NORDESTE,SE,983,2014-01-02,2014-04-30,2.699,3.18,2.9319216683621567
NORTE,AC,892,2014-01-02,2014-05-08,3.19,3.99,3.462041479820628
NORTE,AM,2104,2014-01-03,2014-05-06,2.75,3.8,3.1764543726235743
NORTE,AP,565,2014-01-02,2014-05-07,2.58,3.45,3.0348353982300886
NORTE,PA,3474,2014-01-02,2014-05-08,2.82,3.8,3.177343120322395
NORTE,RO,1740,2014-01-02,2014-05-07,2.949,3.69,3.2012706896551726
NORTE,RR,614,2014-01-02,2014-05-07,3.0,3.39,3.1103175895765474
NORTE,TO,1060,2014-01-02,2014-05-07,2.9,3.269,3.110809433962264
SUDESTE,ES,3319,2014-01-02,2014-05-08,2.79,3.299,3.0160048207291354
SUDESTE,MG,17402,2014-01-01,2014-05-08,2.637,3.399,3.0306457878404784
SUDESTE,RJ,13373,2014-01-02,2014-05-08,2.499,4.159,3.1242196216256635
SUDESTE,SP,41396,2014-01-01,2014-05-08,2.49,3.699,2.881779036621896
SUL,PR,10007,2014-01-01,2014-05-08,2.699,3.333,3.0120018986709303
SUL,RS,10798,2014-01-01,2014-05-07,2.642,3.35,3.0062548620114837
SUL,SC,6703,2014-01-01,2014-05-08,2.549,3.419,2.996219155601969
CENTRO-OESTE,DF,2160,2014-07-02,2014-12-29,3.1,3.19,3.1434263888888885
CENTRO-OESTE,GO,6895,2014-07-02,2014-12-30,2.67,3.39,3.102292675852067
CENTRO-OESTE,MS,3475,2014-07-01,2014-12-31,2.633,3.399,3.1069614388489213
CENTRO-OESTE,MT,3827,2014-07-01,2014-12-30,2.699,3.42,3.1079385941991116
NORDESTE,AL,2564,2014-07-01,2014-12-30,2.679,3.29,3.0129785491419656
NORDESTE,BA,11204,2014-07-01,2014-12-31,2.488,3.59,3.020855051767226
NORDESTE,CE,6063,2014-07-01,2014-12-30,2.79,3.289,3.085585188850404
NORDESTE,MA,3779,2014-07-01,2014-12-31,2.79,3.59,3.0530240804445623
NORDESTE,PB,3262,2014-07-01,2014-12-31,2.619,3.39,2.8891400980993254
NORDESTE,PE,8660,2014-07-01,2014-12-31,2.59,3.4,2.9545267898383374
NORDESTE,PI,2713,2014-07-01,2014-12-31,2.579,3.189,2.8805396240324366
NORDESTE,RN,3076,2014-07-01,2014-12-30,2.79,3.2,3.0473247724317294
NORDESTE,SE,1494,2014-07-01,2014-12-31,2.799,3.4,2.966210843373494
NORTE,AC,1341,2014-07-01,2014-12-31,3.25,3.91,3.5036614466815807
NORTE,AM,3078,2014-07-01,2014-12-31,2.65,3.85,3.283524366471735
NORTE,AP,740,2014-07-01,2014-12-31,2.81,3.57,3.1145432432432436
NORTE,PA,5004,2014-07-01,2014-12-31,2.759,3.82,3.2203053557154275
NORTE,RO,2607,2014-07-01,2014-12-31,2.99,3.83,3.2404499424626003
NORTE,RR,899,2014-07-01,2014-12-31,2.99,3.45,3.1326829810901002
NORTE,TO,1585,2014-07-01,2014-12-31,2.8,3.329,3.1017880126182966
SUDESTE,ES,4963,2014-07-01,2014-12-31,2.75,3.36,3.0365502720128954
SUDESTE,MG,26122,2014-07-01,2014-12-31,2.499,3.41,3.031267590536712
SUDESTE,RJ,19634,2014-07-01,2014-12-31,2.749,4.369,3.1686944076601815
SUDESTE,SP,63370,2014-07-01,2014-12-31,2.45,3.899,2.892588559255168
SUL,PR,15066,2014-07-01,2014-12-31,2.579,3.408,2.9727872693482014
SUL,RS,16133,2014-07-01,2014-12-31,2.53,3.39,3.0116083803384366
SUL,SC,10189,2014-07-01,2014-12-31,2.529,3.368,2.9708089115713023
CENTRO-OESTE,DF,2000,2015-01-07,2015-06-24,3.17,3.69,3.462914
CENTRO-OESTE,GO,6590,2015-01-05,2015-06-30,2.35,3.79,3.3640893778452203
CENTRO-OESTE,MS,3294,2015-01-05,2015-06-30,2.888,3.744,3.3724535519125687
CENTRO-OESTE,MT,3641,2015-01-05,2015-06-30,2.84,3.859,3.3206091733040375
NORDESTE,AL,2417,2015-01-05,2015-06-30,2.919,3.619,3.2651605295821264
NORDESTE,BA,10660,2015-01-01,2015-06-30,2.76,3.99,3.4071803001876173
NORDESTE,CE,5861,2015-01-05,2015-06-30,2.989,3.8,3.3723540351475862
NORDESTE,MA,3507,2015-01-01,2015-06-30,2.89,3.849,3.33033247790134
NORDESTE,PB,2962,2015-01-01,2015-06-30,2.58,3.509,3.132716070222822
NORDESTE,PE,8311,2015-01-01,2015-06-30,2.59,3.78,3.247226446877632
NORDESTE,PI,2594,2015-01-01,2015-06-30,2.71,3.499,3.2119683885890513
NORDESTE,RN,2889,2015-01-05,2015-06-30,2.95,3.82,3.2787417791623397
NORDESTE,SE,1409,2015-01-01,2015-06-30,2.859,3.589,3.281975159687722
NORTE,AC,1275,2015-01-01,2015-06-30,3.37,4.18,3.812214117647059
NORTE,AM,2877,2015-01-05,2015-06-30,2.8,4.11,3.5971505039972196
NORTE,AP,701,2015-01-05,2015-06-30,2.93,3.82,3.4116918687589157
NORTE,PA,4566,2015-01-01,2015-06-30,2.79,4.18,3.523616732369689
NORTE,RO,2390,2015-01-01,2015-06-30,3.05,3.99,3.5276769874476983
NORTE,RR,782,2015-01-06,2015-06-30,3.1,3.64,3.4678414322250637
NORTE,TO,1424,2015-01-01,2015-06-30,2.8,3.69,3.40751404494382
SUDESTE,ES,4532,2015-01-01,2015-06-30,2.75,3.78,3.3216919682259487
SUDESTE,MG,24847,2015-01-01,2015-06-30,2.74,3.799,3.3414602970177483
SUDESTE,RJ,18327,2015-01-01,2015-06-30,2.899,4.529,3.4723948818682815
SUDESTE,SP,60954,2015-01-05,2015-06-30,2.499,3.999,3.135957919086524
SUL,PR,14200,2015-01-05,2015-06-30,2.599,3.69,3.2550646478873237
SUL,RS,15591,2015-01-01,2015-06-30,2.699,3.87,3.3151956898210506
SUL,SC,9650,2015-01-05,2015-06-30,2.679,3.69,3.217407046632124
CENTRO-OESTE,DF,1206,2015-07-01,2015-12-28,3.45,3.789,3.598237976782753
CENTRO-OESTE,GO,4463,2015-07-01,2015-12-29,2.939,3.899,3.4984257226081112
CENTRO-OESTE,MS,2087,2015-07-01,2015-12-30,2.858,3.94,3.429725443219933
CENTRO-OESTE,MT,3117,2015-07-01,2015-12-30,3.02,4.1,3.4800510105871028
NORDESTE,AL,1478,2015-07-01,2015-12-30,2.949,3.999,3.511604194857916
NORDESTE,BA,7461,2015-07-01,2015-12-30,2.99,4.299,3.6042543894920254
NORDESTE,CE,4318,2015-07-01,2015-12-29,3.25,3.999,3.5855912459471977
NORDESTE,MA,2453,2015-07-01,2015-12-30,2.899,3.99,3.4029408887077053
NORDESTE,PB,1731,2015-07-01,2015-12-29,2.92,3.98,3.289826112073946
NORDESTE,PE,4360,2015-07-01,2015-12-30,2.979,4.199,3.508540137614679
NORDESTE,PI,1687,2015-07-01,2015-12-29,2.969,3.96,3.378257261410788
NORDESTE,RN,1713,2015-07-01,2015-12-29,3.13,3.82,3.449968476357268
NORDESTE,SE,963,2015-07-06,2015-12-29,3.09,3.99,3.42834994807892
NORTE,AC,907,2015-07-01,2015-12-30,3.64,4.55,3.981429988974642
NORTE,AM,1756,2015-07-01,2015-12-30,3.38,4.8,3.773956150341686
NORTE,AP,396,2015-07-06,2015-12-30,3.02,3.95,3.4451767676767675
NORTE,PA,2288,2015-07-01,2015-12-30,3.18,4.48,3.696998251748252
NORTE,RO,1548,2015-07-01,2015-12-30,3.35,4.23,3.710518087855297
NORTE,RR,348,2015-07-01,2015-12-29,3.39,3.94,3.631965517241379
NORTE,TO,850,2015-07-02,2015-12-30,3.0,3.959,3.5775435294117646
SUDESTE,ES,2880,2015-07-02,2015-12-30,3.07,3.99,3.5098017361111107
SUDESTE,MG,12473,2015-07-01,2015-12-30,3.029,3.999,3.505087388759721
SUDESTE,RJ,10367,2015-07-01,2015-12-30,3.098,4.719,3.6347270184238454
SUDESTE,SP,34608,2015-07-01,2015-12-30,2.719,4.199,3.2809645746648175
SUL,PR,8054,2015-07-01,2015-12-30,2.839,3.961,3.407301465110504
SUL,RS,7864,2015-07-01,2015-12-30,2.897,4.05,3.4652427517802646
SUL,SC,5836,2015-07-01,2015-12-29,2.889,3.998,3.3408593214530504
CENTRO-OESTE,DF,884,2016-01-05,2016-06-30,3.54,3.99,3.825537330316742
CENTRO-OESTE,GO,5423,2016-01-05,2016-06-30,3.34,4.17,3.8293610547667343
CENTRO-OESTE,MS,2137,2016-01-04,2016-06-30,3.188,3.999,3.6427978474496956
CENTRO-OESTE,MT,3589,2016-01-04,2016-06-29,3.317,4.19,3.7347180273056564
NORDESTE,AL,1630,2016-01-04,2016-06-30,3.39,4.16,3.835935582822086
NORDESTE,BA,8729,2016-01-04,2016-06-30,3.25,4.299,3.796033451712682
NORDESTE,CE,5305,2016-01-04,2016-06-30,3.57,4.4,3.9334316682375117
NORDESTE,MA,3218,2016-01-04,2016-06-30,3.249,3.99,3.661407706650093
NORDESTE,PB,1534,2016-01-05,2016-06-30,3.24,4.099,3.717947196870926
NORDESTE,PE,5191,2016-01-04,2016-06-30,3.37,4.629,3.7817170102099786
NORDESTE,PI,1638,2016-01-04,2016-06-30,3.299,4.07,3.759177655677656
NORDESTE,RN,1550,2016-01-05,2016-06-29,3.43,3.999,3.8457309677419356
NORDESTE,SE,1014,2016-01-04,2016-06-29,3.499,3.979,3.71224358974359
NORTE,AC,804,2016-01-04,2016-06-29,3.92,4.51,4.141822139303483
NORTE,AM,1698,2016-01-04,2016-06-30,3.29,4.65,3.9285977620730272
NORTE,AP,375,2016-01-05,2016-06-29,3.37,3.99,3.6305199999999997
NORTE,PA,3030,2016-01-04,2016-06-30,3.55,4.59,4.082429372937294
NORTE,RO,1731,2016-01-04,2016-06-29,3.48,4.48,3.9486285384171
NORTE,RR,238,2016-01-05,2016-06-28,3.35,3.999,3.897016806722689
NORTE,TO,1041,2016-01-04,2016-06-30,3.5,4.09,3.891168107588857
SUDESTE,ES,3060,2016-01-05,2016-06-30,3.29,3.99,3.71221862745098
SUDESTE,MG,15552,2016-01-04,2016-06-30,3.288,4.2,3.7944528034979426
SUDESTE,RJ,10795,2016-01-04,2016-06-30,3.45,4.89,3.938007225567392
SUDESTE,SP,42193,2016-01-04,2016-06-30,3.047,4.299,3.553978645746925
SUL,PR,9313,2016-01-04,2016-06-30,3.25,4.125,3.6955070331794264
SUL,RS,9827,2016-01-04,2016-06-30,3.279,4.48,3.9366590007123237
SUL,SC,6354,2016-01-04,2016-06-30,3.08,4.074,3.522815077116777
CENTRO-OESTE,DF,884,2016-07-06,2016-12-27,3.19,3.899,3.5563970588235296
CENTRO-OESTE,GO,5458,2016-07-05,2016-12-28,3.38,4.16,3.798888420666911
CENTRO-OESTE,MS,2142,2016-07-04,2016-12-27,3.077,4.049,3.5883972922502334
CENTRO-OESTE,MT,3570,2016-07-04,2016-12-27,3.31,4.3,3.7259697478991596
NORDESTE,AL,1593,2016-07-04,2016-12-28,3.359,4.27,3.817637790332706
NORDESTE,BA,8546,2016-07-04,2016-12-27,3.23,4.399,3.776886028551369
NORDESTE,CE,5287,2016-07-05,2016-12-28,3.549,4.399,3.9261518819746546
NORDESTE,MA,3222,2016-07-04,2016-12-27,3.089,4.04,3.633919615145872
NORDESTE,PB,1487,2016-07-04,2016-12-27,3.379,3.99,3.6624088769334233
NORDESTE,PE,5154,2016-07-04,2016-12-27,3.189,4.19,3.703012223515716
NORDESTE,PI,1632,2016-07-04,2016-12-27,3.41,3.99,3.6565955882352945
NORDESTE,RN,1550,2016-07-05,2016-12-27,3.479,4.0,3.8335206451612907
NORDESTE,SE,1010,2016-07-04,2016-12-28,3.39,3.999,3.595869306930693
NORTE,AC,806,2016-07-04,2016-12-27,3.92,4.609,4.185214640198511
NORTE,AM,1761,2016-07-04,2016-12-28,3.19,4.65,3.929990346394094
NORTE,AP,399,2016-07-05,2016-12-27,3.49,4.09,3.681822055137845
NORTE,PA,3022,2016-07-04,2016-12-27,3.51,4.77,4.107734612839179
NORTE,RO,1727,2016-07-04,2016-12-27,3.289,4.41,3.933222929936306
NORTE,RR,237,2016-07-05,2016-12-27,3.29,3.95,3.860210970464135
NORTE,TO,1064,2016-07-04,2016-12-27,3.299,3.999,3.8396325187969924
SUDESTE,ES,3046,2016-07-04,2016-12-27,3.37,4.05,3.7236332895600786
SUDESTE,MG,15475,2016-07-04,2016-12-28,3.199,4.25,3.7880989337641355
SUDESTE,RJ,10818,2016-07-04,2016-12-28,3.249,4.899,3.95080957663154
SUDESTE,SP,42207,2016-07-04,2016-12-28,2.999,4.299,3.5235767289786053
SUL,PR,9316,2016-07-04,2016-12-28,3.18,4.14,3.686933769858308
SUL,RS,9804,2016-07-04,2016-12-27,3.339,4.439,3.8752401060791515
SUL,SC,6320,2016-07-04,2016-12-28,2.999,4.296,3.5618341772151902
CENTRO-OESTE,DF,884,2017-01-04,2017-06-27,3.189,3.889,3.5879875565610857
CENTRO-OESTE,GO,5474,2017-01-03,2017-06-29,3.199,4.3,3.805810010960906
CENTRO-OESTE,MS,2140,2017-01-02,2017-06-29,3.279,4.158,3.6899644859813088
CENTRO-OESTE,MT,3534,2017-01-02,2017-06-28,3.229,4.4,3.7050843237125073
NORDESTE,AL,1631,2017-01-02,2017-06-29,3.25,4.35,3.8114567749846717
NORDESTE,BA,8448,2017-01-02,2017-06-28,3.069,4.399,3.7404781013257575
NORDESTE,CE,5315,2017-01-02,2017-06-27,3.44,4.23,3.8894705550329256
NORDESTE,MA,3205,2017-01-02,2017-06-29,2.999,4.09,3.611561310452418
NORDESTE,PB,1461,2017-01-02,2017-06-29,3.199,3.999,3.6063853524982887
NORDESTE,PE,5229,2017-01-02,2017-06-29,2.999,4.34,3.5770866322432586
NORDESTE,PI,1633,2017-01-02,2017-06-28,3.199,3.92,3.61063747703613
NORDESTE,RN,1551,2017-01-02,2017-06-27,3.469,4.0,3.8187698259187624
NORDESTE,SE,962,2017-01-02,2017-06-29,3.29,3.928,3.5734012474012475
NORTE,AC,806,2017-01-03,2017-06-29,3.79,4.7,4.3250682382134
NORTE,AM,1862,2017-01-02,2017-06-29,2.99,4.55,3.8845128893662726
NORTE,AP,457,2017-01-02,2017-06-29,3.37,4.09,3.6690678336980302
NORTE,PA,2897,2017-01-02,2017-06-29,3.379,4.77,4.123086986537798
NORTE,RO,1722,2017-01-02,2017-06-29,3.09,4.45,3.972678861788618
NORTE,RR,234,2017-01-03,2017-06-28,3.0,3.92,3.7333076923076924
NORTE,TO,1059,2017-01-03,2017-06-28,3.3,4.15,3.778769593956563
SUDESTE,ES,3046,2017-01-02,2017-06-29,3.19,4.08,3.7248985554826
SUDESTE,MG,15492,2017-01-02,2017-06-29,3.24,4.299,3.8140606764781824
SUDESTE,RJ,10756,2017-01-02,2017-06-29,3.359,4.999,4.008580327259204
SUDESTE,SP,42233,2017-01-02,2017-06-29,2.88,4.399,3.5375354817322946
SUL,PR,9370,2017-01-02,2017-06-29,2.97,4.25,3.6624366061899685
SUL,RS,9789,2017-01-02,2017-06-29,3.149,4.439,3.848030850955154
SUL,SC,6362,2017-01-02,2017-06-29,2.899,4.23,3.6191082992769568
CENTRO-OESTE,DF,883,2017-07-04,2017-12-28,3.009,4.699,3.8971200453001136
CENTRO-OESTE,GO,3589,2017-07-03,2017-12-28,3.299,4.75,4.029364725550292
CENTRO-OESTE,MS,1507,2017-07-03,2017-12-28,2.979,4.697,3.7982209688122097
CENTRO-OESTE,MT,2586,2017-07-03,2017-12-28,3.155,4.75,3.8951256767208045
NORDESTE,AL,984,2017-07-04,2017-12-28,3.25,4.36,3.949256097560976
NORDESTE,BA,5306,2017-07-03,2017-12-29,3.069,4.829,3.904569355446664
NORDESTE,CE,3674,2017-07-03,2017-12-28,3.459,4.7,3.9896848121937944
NORDESTE,MA,2080,2017-07-03,2017-12-29,2.999,4.25,3.639061538461539
NORDESTE,PB,987,2017-07-04,2017-12-28,3.089,4.099,3.7204457953394123
NORDESTE,PE,2973,2017-07-03,2017-12-28,2.98,4.498,3.803484359233098
NORDESTE,PI,1168,2017-07-03,2017-12-28,3.12,4.15,3.742766267123288
NORDESTE,RN,1036,2017-07-03,2017-12-28,3.259,4.19,3.8886592664092663
NORDESTE,SE,704,2017-07-03,2017-12-29,3.199,4.392,3.792328125
NORTE,AC,668,2017-07-03,2017-12-28,3.78,5.2,4.502300898203592
NORTE,AM,1321,2017-07-03,2017-12-28,2.98,4.95,4.047515518546556
NORTE,AP,260,2017-07-03,2017-12-28,3.29,4.29,3.7116076923076924
NORTE,PA,1741,2017-07-03,2017-12-29,3.299,5.0,4.135156806433084
NORTE,RO,1192,2017-07-03,2017-12-28,3.09,4.8,3.9991937919463085
NORTE,RR,234,2017-07-04,2017-12-27,3.279,4.259,3.7850897435897437
NORTE,TO,695,2017-07-03,2017-12-29,3.15,4.499,3.9759352517985613
SUDESTE,ES,1835,2017-07-03,2017-12-29,3.22,4.45,3.867391825613079
SUDESTE,MG,8746,2017-07-03,2017-12-29,3.24,4.779,3.97420020580837
SUDESTE,RJ,6535,2017-07-03,2017-12-29,3.499,4.998,4.209073909716909
SUDESTE,SP,25403,2017-07-03,2017-12-29,2.799,4.699,3.6591452977994723
SUL,PR,5736,2017-07-03,2017-12-29,2.97,4.6,3.8388493723849373
SUL,RS,5693,2017-07-03,2017-12-28,3.05,4.79,4.019700860706131
SUL,SC,3912,2017-07-03,2017-12-28,2.89,4.804,3.6998581288343555
CENTRO-OESTE,DF,1150,2018-01-03,2018-06-25,3.89,4.999,4.303227826086957
CENTRO-OESTE,GO,5677,2018-01-02,2018-06-28,3.78,5.159,4.471068169807998
CENTRO-OESTE,MS,2160,2018-01-02,2018-06-28,3.822,4.799,4.237313425925926
CENTRO-OESTE,MT,3879,2018-01-02,2018-06-28,3.397,5.1,4.29986878061356
NORDESTE,AL,1437,2018-01-02,2018-06-28,3.749,4.995,4.346427974947808
NORDESTE,BA,8333,2018-01-02,2018-06-28,3.56,5.199,4.3431488059522385
NORDESTE,CE,5442,2018-01-02,2018-06-28,3.869,4.98,4.415722344726204
NORDESTE,MA,2990,2018-01-02,2018-06-28,3.469,4.85,3.9861301003344485
NORDESTE,PB,1508,2018-01-02,2018-06-27,3.7,4.649,4.05051326259947
NORDESTE,PE,4634,2018-01-02,2018-06-28,3.561,4.999,4.207223133362106
NORDESTE,PI,1686,2018-01-02,2018-06-27,3.9,4.92,4.287144128113879
NORDESTE,RN,1555,2018-01-03,2018-06-27,3.99,4.699,4.280172990353698
NORDESTE,SE,995,2018-01-02,2018-06-27,3.85,4.732,4.1883638190954775
NORTE,AC,935,2018-01-02,2018-06-27,4.29,5.47,4.865790374331551
NORTE,AM,1799,2018-01-02,2018-06-28,3.55,5.25,4.50912284602557
NORTE,AP,649,2018-01-02,2018-06-28,3.71,4.498,4.063624036979969
NORTE,PA,2799,2018-01-02,2018-06-28,3.799,5.249,4.438943193997857
NORTE,RO,1771,2018-01-02,2018-06-27,3.83,4.92,4.402853754940711
NORTE,RR,324,2018-01-02,2018-06-27,3.98,4.49,4.179138888888889
NORTE,TO,1132,2018-01-02,2018-06-26,3.85,4.999,4.470145759717314
SUDESTE,ES,2932,2018-01-03,2018-06-28,3.57,4.85,4.21325034106412
SUDESTE,MG,14366,2018-01-02,2018-06-28,3.629,5.449,4.581530627871363
SUDESTE,RJ,10411,2018-01-02,2018-06-28,3.84,5.599,4.7537732206320245
SUDESTE,SP,40996,2018-01-02,2018-06-28,3.369,5.099,4.103917138257391
SUL,PR,9130,2018-01-02,2018-06-28,3.699,4.99,4.243282803943044
SUL,RS,9086,2018-01-01,2018-06-28,3.749,5.137,4.456074840413824
SUL,SC,6275,2018-01-01,2018-06-28,3.499,4.843,4.026646693227091
CENTRO-OESTE,DF,1219,2018-07-03,2018-12-26,3.999,5.189,4.586594749794914
CENTRO-OESTE,GO,5990,2018-07-03,2018-12-28,4.069,5.39,4.757141402337229
CENTRO-OESTE,MS,2288,2018-07-02,2018-12-28,3.87,4.979,4.34671284965035
CENTRO-OESTE,MT,4118,2018-07-03,2018-12-28,3.999,5.2,4.696031325886353
NORDESTE,AL,1472,2018-07-02,2018-12-27,4.29,5.3,4.756546875
NORDESTE,BA,8661,2018-07-02,2018-12-28,3.93,5.399,4.711835815725666
NORDESTE,CE,5670,2018-07-03,2018-12-27,4.23,4.999,4.624133509700176
NORDESTE,MA,3148,2018-07-02,2018-12-27,3.93,4.999,4.401254447268107
NORDESTE,PB,1638,2018-07-03,2018-12-28,3.989,4.949,4.46385286935287
NORDESTE,PE,4936,2018-07-02,2018-12-28,3.79,5.139,4.477917747163695
NORDESTE,PI,1716,2018-07-02,2018-12-28,4.12,5.07,4.649952214452215
NORDESTE,RN,1607,2018-07-03,2018-12-27,4.19,4.92,4.563873677660236
NORDESTE,SE,990,2018-07-03,2018-12-27,4.19,4.999,4.6094747474747475
NORTE,AC,1011,2018-07-03,2018-12-27,4.58,5.79,5.167061325420376
NORTE,AM,1845,2018-07-02,2018-12-27,3.79,5.5,4.727344173441735
NORTE,AP,748,2018-07-02,2018-12-27,3.7,4.679,4.092228609625669
NORTE,PA,2985,2018-07-02,2018-12-28,4.0,5.5,4.732648911222781
NORTE,RO,1854,2018-07-02,2018-12-28,3.999,5.19,4.677016720604099
NORTE,RR,338,2018-07-03,2018-12-26,4.05,4.69,4.340813609467456
NORTE,TO,1193,2018-07-02,2018-12-28,3.999,6.29,4.825193629505448
SUDESTE,ES,3036,2018-07-02,2018-12-28,3.96,5.19,4.613958827404479
SUDESTE,MG,15129,2018-07-02,2018-12-28,3.979,5.799,4.86520695353295
SUDESTE,RJ,10881,2018-07-02,2018-12-28,4.39,5.799,4.977769230769231
SUDESTE,SP,42682,2018-07-02,2018-12-28,3.649,5.299,4.358842369148587
SUL,PR,9507,2018-07-02,2018-12-28,3.85,4.999,4.432987167350373
SUL,RS,9434,2018-07-02,2018-12-28,3.999,5.49,4.7791294254822985
SUL,SC,6561,2018-07-02,2018-12-28,3.669,4.899,4.226319311080628
CENTRO-OESTE,DF,1222,2019-01-02,2019-06-25,3.689,4.889,4.275470540098199
CENTRO-OESTE,GO,5968,2019-01-02,2019-06-27,3.89,5.199,4.500152815013405
CENTRO-OESTE,MS,2253,2019-01-02,2019-06-27,3.549,4.9,4.200477141588992
CENTRO-OESTE,MT,4120,2019-01-02,2019-06-27,3.99,5.15,4.483378883495146
NORDESTE,AL,1481,2019-01-02,2019-06-27,3.87,5.3,4.578798784604997
NORDESTE,BA,8735,2019-01-02,2019-06-27,3.79,5.79,4.573642816256439
NORDESTE,CE,5700,2019-01-02,2019-06-27,3.84,4.999,4.537695614035088
NORDESTE,MA,3182,2019-01-02,2019-06-27,3.629,4.99,4.362138277812696
NORDESTE,PB,1624,2019-01-02,2019-06-27,3.749,4.919,4.241280172413793
NORDESTE,PE,4999,2019-01-02,2019-06-27,3.799,5.119,4.359808161632326
NORDESTE,PI,1762,2019-01-02,2019-06-26,3.799,4.999,4.565644721906924
NORDESTE,RN,1631,2019-01-02,2019-06-26,3.89,4.99,4.404878602084611
NORDESTE,SE,1103,2019-01-02,2019-06-26,4.05,4.897,4.3912175883952855
NORTE,AC,1014,2019-01-02,2019-06-27,4.48,5.58,4.924828402366864
NORTE,AM,1891,2019-01-02,2019-06-27,3.39,5.35,4.297192490745637
NORTE,AP,740,2019-01-02,2019-06-25,3.47,4.69,3.974709459459459
NORTE,PA,3009,2019-01-02,2019-06-26,3.879,5.46,4.612813891658359
NORTE,RO,1850,2019-01-02,2019-06-27,3.82,5.16,4.5588248648648655
NORTE,RR,338,2019-01-02,2019-06-26,3.78,4.54,4.088281065088757
NORTE,TO,1196,2019-01-02,2019-06-26,3.929,6.29,4.553796822742475
SUDESTE,ES,3016,2019-01-02,2019-06-27,3.86,5.05,4.473966511936339
SUDESTE,MG,15311,2019-01-02,2019-06-27,3.899,5.459,4.718622624257071
SUDESTE,RJ,10885,2019-01-02,2019-06-27,3.998,5.988,4.865334497014239
SUDESTE,SP,42576,2019-01-02,2019-06-27,3.449,5.29,4.1576174840285605
SUL,PR,9570,2019-01-02,2019-06-26,3.59,4.98,4.2531146290491115
SUL,RS,9402,2019-01-02,2019-06-27,3.699,5.399,4.565693363114231
SUL,SC,6568,2019-01-02,2019-06-26,3.65,4.736,4.1202528928136415
CENTRO-OESTE,DF,1222,2019-07-03,2019-12-26,3.859,4.989,4.297568739770868
CENTRO-OESTE,GO,5927,2019-07-01,2019-12-30,4.04,5.25,4.556437152016197
CENTRO-OESTE,MS,2292,2019-07-01,2019-12-31,3.859,4.799,4.230740837696335
CENTRO-OESTE,MT,4166,2019-07-01,2019-12-31,3.997,5.2,4.506637782045127
NORDESTE,AL,1517,2019-07-03,2019-12-31,3.999,5.31,4.578963744232037
NORDESTE,BA,8921,2019-07-01,2019-12-31,3.779,5.49,4.570488398161641
NORDESTE,CE,5834,2019-07-01,2019-12-31,4.099,5.07,4.5682379156667805
NORDESTE,MA,3191,2019-07-01,2019-12-31,3.919,4.99,4.410107489815105
NORDESTE,PB,1647,2019-07-01,2019-12-30,3.69,4.799,4.352676381299332
NORDESTE,PE,5118,2019-07-01,2019-12-31,3.919,5.069,4.376475771785854
NORDESTE,PI,1754,2019-07-01,2019-12-27,4.219,4.999,4.579228050171038
NORDESTE,RN,1679,2019-07-02,2019-12-30,4.059,4.999,4.5574181060154855
NORDESTE,SE,1146,2019-07-01,2019-12-31,4.1,4.872,4.3722495636998255
NORTE,AC,1030,2019-07-01,2019-12-30,4.55,5.45,4.867050485436893
NORTE,AM,1991,2019-07-01,2019-12-30,3.759,5.35,4.4402516323455545
NORTE,AP,732,2019-07-01,2019-12-30,3.57,4.83,3.919535519125683
NORTE,PA,3001,2019-07-01,2019-12-31,3.92,5.5,4.687808397200933
NORTE,RO,1905,2019-07-01,2019-12-30,3.87,5.06,4.5332713910761155
NORTE,RR,351,2019-07-02,2019-12-31,3.81,4.39,4.141615384615385
NORTE,TO,1206,2019-07-01,2019-12-31,4.11,5.69,4.631730514096186
SUDESTE,ES,3028,2019-07-01,2019-12-31,4.06,4.999,4.510161822985469
SUDESTE,MG,15600,2019-07-01,2019-12-31,4.149,5.279,4.711782948717949
SUDESTE,RJ,11127,2019-07-01,2019-12-31,4.39,5.859,4.87255091219556
SUDESTE,SP,43760,2019-07-01,2019-12-31,3.559,5.799,4.183653999085923
SUL,PR,9764,2019-07-01,2019-12-30,3.739,4.97,4.221734330192544
SUL,RS,9433,2019-07-01,2019-12-30,3.799,5.409,4.533821583801547
SUL,SC,6595,2019-07-01,2019-12-31,3.599,4.999,4.072053373768006
CENTRO-OESTE,DF,1222,2020-01-03,2020-06-24,3.279,4.977,4.07672504091653
CENTRO-OESTE,GO,5983,2020-01-01,2020-06-30,3.399,5.25,4.346453284305532
CENTRO-OESTE,MS,2241,2020-01-03,2020-06-29,3.739,4.999,4.300915662650603
CENTRO-OESTE,MT,4144,2020-01-01,2020-06-30,3.489,5.2,4.327342905405406
NORDESTE,AL,1464,2020-01-02,2020-06-30,3.499,5.21,4.4092800546448085
NORDESTE,BA,8690,2020-01-02,2020-06-30,3.36,5.46,4.391983544303797
NORDESTE,CE,5691,2020-01-02,2020-06-30,3.35,5.2,4.373730978738359
NORDESTE,MA,3005,2020-01-02,2020-06-30,3.349,4.99,4.204434608985025
NORDESTE,PB,1595,2020-01-02,2020-06-30,3.354,4.799,3.9863228840125395
NORDESTE,PE,4970,2020-01-03,2020-06-30,3.35,5.096,4.20471106639839
NORDESTE,PI,1766,2020-01-02,2020-06-29,3.589,4.98,4.398482446206116
NORDESTE,RN,1611,2020-01-06,2020-06-30,3.159,4.899,4.32335009310987
NORDESTE,SE,1097,2020-01-03,2020-06-29,3.59,4.899,4.325986326344576
NORTE,AC,1022,2020-01-02,2020-06-30,3.99,5.54,4.750260273972603
NORTE,AM,1941,2020-01-03,2020-06-30,3.65,5.45,4.525138073158166
NORTE,AP,752,2020-01-03,2020-06-29,2.87,4.49,3.4943404255319153
NORTE,PA,2839,2020-01-02,2020-06-30,3.46,5.55,4.497977104614301
NORTE,RO,1896,2020-01-03,2020-06-30,3.799,5.06,4.370438291139241
NORTE,RR,337,2020-01-07,2020-06-30,3.55,4.39,3.9437299703264097
NORTE,TO,1189,2020-01-02,2020-06-29,3.48,5.69,4.460148023549201
SUDESTE,ES,3004,2020-01-02,2020-06-30,3.44,4.999,4.241181424766977
SUDESTE,MG,14992,2020-01-02,2020-06-30,3.565,5.288,4.491877134471718
SUDESTE,RJ,10776,2020-01-02,2020-06-30,3.859,5.889,4.77207637342242
SUDESTE,SP,42549,2020-01-01,2020-06-30,2.918,5.899,4.078804413734753
SUL,PR,9590,2020-01-01,2020-06-30,3.099,4.999,4.043893639207508
SUL,RS,9560,2020-01-01,2020-06-30,3.27,5.479,4.366574581589958
SUL,SC,6545,2020-01-01,2020-06-30,3.349,4.799,4.121219251336899
CENTRO-OESTE,DF,867,2020-07-01,2020-12-29,3.679,4.889,4.3511856978085355
CENTRO-OESTE,GO,2234,2020-07-01,2020-12-29,3.699,4.999,4.40426678603402
CENTRO-OESTE,MS,1025,2020-07-06,2020-12-29,3.955,4.899,4.42084487804878
CENTRO-OESTE,MT,1916,2020-07-01,2020-12-29,3.499,4.8,4.332890396659708
NORDESTE,AL,754,2020-07-01,2020-12-29,3.789,5.21,4.5109496021220155
NORDESTE,BA,3429,2020-07-01,2020-12-29,3.87,4.909,4.420203266258384
NORDESTE,CE,2886,2020-07-01,2020-12-31,3.51,4.999,4.452792446292446
NORDESTE,MA,1447,2020-07-01,2020-12-30,3.599,4.89,4.192248790601244
NORDESTE,PB,778,2020-07-01,2020-12-29,3.699,4.729,4.1751516709511565
NORDESTE,PE,1873,2020-07-01,2020-12-29,3.499,5.107,4.358764548852109
NORDESTE,PI,862,2020-07-01,2020-12-29,3.921,4.899,4.420604408352668
NORDESTE,RN,793,2020-07-01,2020-12-30,3.87,4.899,4.600189155107188
NORDESTE,SE,513,2020-07-01,2020-12-28,3.699,4.899,4.384095516569201
NORTE,AC,519,2020-07-06,2020-12-29,4.59,5.559,4.9634470134874755
NORTE,AM,1081,2020-07-01,2020-12-28,3.59,5.2,4.2263552266419975
NORTE,AP,452,2020-07-06,2020-12-29,3.26,4.099,3.5939734513274337
NORTE,PA,973,2020-07-01,2020-12-28,3.76,5.44,4.402128468653649
NORTE,RO,819,2020-07-01,2020-12-29,3.759,4.8,4.37964590964591
NORTE,RR,233,2020-07-01,2020-12-29,3.64,4.39,4.054935622317596
NORTE,TO,455,2020-07-01,2020-12-29,3.6,5.69,4.531367032967033
SUDESTE,ES,1349,2020-07-01,2020-12-30,3.77,4.899,4.200925871015567
SUDESTE,MG,5247,2020-07-01,2020-12-30,3.66,4.999,4.393510386887745
SUDESTE,RJ,4819,2020-07-01,2020-12-30,4.079,5.549,4.740567960157708
SUDESTE,SP,17952,2020-07-01,2020-12-31,3.259,4.999,4.050566343582888
SUL,PR,3875,2020-07-01,2020-12-30,3.35,4.67,4.067551225806452
SUL,RS,3669,2020-07-01,2020-12-31,3.407,5.499,4.333629326792042
SUL,SC,2752,2020-07-01,2020-12-29,3.456,4.74,4.199346293604651
CENTRO-OESTE,DF,1178,2021-01-03,2021-06-30,4.339,6.299,5.442646010186757
CENTRO-OESTE,GO,2178,2021-01-04,2021-06-30,4.549,6.51,5.660653351698806
CENTRO-OESTE,MS,1218,2021-01-04,2021-06-30,4.499,6.199,5.422315270935961
CENTRO-OESTE,MT,2796,2021-01-04,2021-06-30,4.299,6.19,5.371930972818312
NORDESTE,AL,964,2021-01-04,2021-06-30,4.45,6.399,5.487395228215767
NORDESTE,BA,3739,2021-01-03,2021-06-30,4.19,6.499,5.505573682802889
NORDESTE,CE,3882,2021-01-03,2021-06-30,3.99,6.12,5.400450798557444
NORDESTE,MA,1502,2021-01-07,2021-06-30,4.38,6.23,5.129764314247669
NORDESTE,PB,959,2021-01-03,2021-06-30,4.379,5.699,5.156120959332639
NORDESTE,PE,2585,2021-01-03,2021-06-30,4.379,6.2,5.304947775628627
NORDESTE,PI,1061,2021-01-04,2021-06-30,4.08,6.199,5.5749217719132895
NORDESTE,RN,859,2021-01-04,2021-06-30,4.199,6.299,5.604648428405122
NORDESTE,SE,763,2021-01-03,2021-06-30,4.54,5.999,5.366111402359109
NORTE,AC,829,2021-01-04,2021-06-30,4.919,6.89,6.074776839565741
NORTE,AM,1384,2021-01-03,2021-06-28,4.35,5.99,5.166393063583816
NORTE,AP,599,2021-01-05,2021-06-27,3.82,5.7,4.60919532554257
NORTE,PA,1146,2021-01-03,2021-06-30,4.4,6.4,5.543767015706806
NORTE,RO,886,2021-01-03,2021-06-30,4.629,6.19,5.479874717832957
NORTE,RR,318,2021-01-04,2021-06-30,4.27,5.53,5.08172641509434
NORTE,TO,471,2021-01-05,2021-06-29,4.869,6.18,5.68436093418259
SUDESTE,ES,1775,2021-01-04,2021-06-30,4.349,6.19,5.446682253521127
SUDESTE,MG,6068,2021-01-03,2021-06-30,3.69,6.997,5.658685563612393
SUDESTE,RJ,5747,2021-01-04,2021-06-30,4.25,6.799,5.886587088915956
SUDESTE,SP,28631,2021-01-01,2021-06-30,3.099,6.299,5.119747092312528
SUL,PR,5201,2021-01-04,2021-06-30,4.04,6.29,5.151673524322246
SUL,RS,5002,2021-01-01,2021-06-30,3.999,6.839,5.531554178328668
SUL,SC,3519,2021-01-05,2021-06-30,4.259,6.139,5.154912759306621
CENTRO-OESTE,DF,1005,2021-07-07,2021-12-30,5.149,7.499,6.582281592039801
CENTRO-OESTE,GO,3888,2021-07-01,2021-12-30,5.419,7.52,6.64173945473251
CENTRO-OESTE,MS,1576,2021-07-01,2021-12-30,5.499,6.999,6.248752538071066
CENTRO-OESTE,MT,3841,2021-07-01,2021-12-30,5.399,7.399,6.322551939599062
NORDESTE,AL,1110,2021-07-05,2021-12-29,5.599,7.299,6.366357657657658
NORDESTE,BA,5136,2021-07-04,2021-12-31,4.99,7.399,6.400521028037383
NORDESTE,CE,5135,2021-07-01,2021-12-30,5.37,7.49,6.362750730282375
NORDESTE,MA,1277,2021-07-01,2021-12-29,5.369,6.799,6.15055520751762
NORDESTE,PB,1436,2021-07-01,2021-12-29,5.379,6.899,6.117629526462395
NORDESTE,PE,4233,2021-07-01,2021-12-30,5.15,7.439,6.2716884006614695
NORDESTE,PI,1377,2021-07-05,2021-12-29,5.085,7.49,6.703195352214959
NORDESTE,RN,1235,2021-07-01,2021-12-29,5.92,7.299,6.6222234817813765
NORDESTE,SE,812,2021-07-04,2021-12-29,5.549,6.999,6.3571674876847295
NORTE,AC,993,2021-07-05,2021-12-28,6.09,7.6,6.762124874118832
NORTE,AM,1413,2021-07-05,2021-12-29,5.57,7.35,6.30169355980184
NORTE,AP,602,2021-07-04,2021-12-27,4.87,6.49,5.470867109634551
NORTE,PA,2118,2021-07-01,2021-12-29,5.33,7.54,6.446683663833805
NORTE,RO,1265,2021-07-01,2021-12-29,5.26,7.14,6.303126482213439
NORTE,RR,332,2021-07-06,2021-12-29,5.34,6.52,5.9448343373493975
NORTE,TO,784,2021-07-04,2021-12-30,5.45,7.499,6.477302295918367
SUDESTE,ES,1898,2021-07-04,2021-12-31,5.679,7.09,6.4010358271865115
SUDESTE,MG,11109,2021-07-01,2021-12-31,5.599,7.899,6.585065982536682
SUDESTE,RJ,7891,2021-07-01,2021-12-31,5.749,7.999,6.837855024711697
SUDESTE,SP,38184,2021-07-01,2021-12-31,4.549,7.499,5.954775534255186
SUL,PR,7182,2021-07-01,2021-12-30,4.69,7.5,6.07160164299638
SUL,RS,8088,2021-07-01,2021-12-30,5.198,7.999,6.55365640454995
SUL,SC,5246,2021-07-01,2021-12-30,5.119,6.999,6.069642012962257
CENTRO-OESTE,DF,1214,2022-01-04,2022-06-29,6.17,8.09,7.2219604612850095
CENTRO-OESTE,GO,5101,2022-01-03,2022-06-30,5.79,8.09,7.288086649676534
CENTRO-OESTE,MS,1921,2022-01-03,2022-06-30,5.99,7.99,7.003534617386778
CENTRO-OESTE,MT,3658,2022-01-03,2022-06-30,5.95,8.11,6.791796063422635
NORDESTE,AL,1377,2022-01-03,2022-06-30,6.13,8.59,7.093333333333334
NORDESTE,BA,6822,2022-01-03,2022-06-30,5.59,8.94,7.433811199061859
NORDESTE,CE,4979,2022-01-03,2022-06-30,6.09,8.52,7.231936131753364
NORDESTE,MA,2464,2022-01-04,2022-06-30,6.19,8.69,7.064512987012987
NORDESTE,PB,1577,2022-01-03,2022-06-30,6.27,7.88,6.901242866201649
NORDESTE,PE,4461,2022-01-03,2022-06-30,6.0,8.3,7.007469177314503
NORDESTE,PI,1666,2022-01-03,2022-06-30,5.92,8.39,7.610396158463385
NORDESTE,RN,1502,2022-01-03,2022-06-28,6.6,8.09,7.385852197070572
NORDESTE,SE,1094,2022-01-03,2022-06-29,6.29,7.99,7.038848263254113
NORTE,AC,997,2022-01-03,2022-06-30,6.63,8.16,7.412036108324975
NORTE,AM,1641,2022-01-03,2022-06-29,6.45,8.15,7.220469226081658
NORTE,AP,660,2022-01-04,2022-06-29,5.19,7.1,6.224166666666666
NORTE,PA,3092,2022-01-03,2022-06-30,5.8,8.47,7.269841526520051
NORTE,RO,1456,2022-01-04,2022-06-30,6.19,8.15,7.205418956043956
NORTE,RR,329,2022-01-04,2022-06-29,6.33,7.38,6.838966565349544
NORTE,TO,911,2022-01-03,2022-06-30,6.25,7.99,7.263293084522503
SUDESTE,ES,2704,2022-01-03,2022-06-30,5.89,7.99,7.1757544378698235
SUDESTE,MG,13182,2022-01-03,2022-06-30,5.82,8.49,7.348636777423759
SUDESTE,RJ,8459,2022-01-03,2022-06-30,6.39,8.99,7.616037356661543
SUDESTE,SP,38676,2022-01-03,2022-06-30,5.48,8.89,6.678036249870721
SUL,PR,8193,2022-01-03,2022-06-30,5.79,8.28,6.93469425119004
SUL,RS,8867,2022-01-03,2022-06-30,5.56,8.19,6.769873688959062
SUL,SC,5484,2022-01-03,2022-06-30,5.89,7.89,6.87926148796499
CENTRO-OESTE,DF,1188,2022-07-06,2022-12-29,4.09,6.68,5.244217171717172
CENTRO-OESTE,GO,3540,2022-07-01,2022-12-29,4.17,7.39,5.254338983050848
CENTRO-OESTE,MS,1392,2022-07-04,2022-12-29,4.29,7.27,5.223992816091954
CENTRO-OESTE,MT,2316,2022-07-05,2022-12-28,4.39,7.03,5.388618307426598
NORDESTE,AL,983,2022-07-04,2022-12-26,4.49,8.21,5.5362156663275695
NORDESTE,BA,4275,2022-07-04,2022-12-29,4.75,8.22,5.817738011695907
NORDESTE,CE,3395,2022-07-04,2022-12-29,4.1,8.52,5.5419734904270985
NORDESTE,MA,2029,2022-07-04,2022-12-29,4.31,7.98,5.442682109413504
NORDESTE,PB,1218,2022-07-04,2022-12-28,4.61,7.49,5.26299671592775
NORDESTE,PE,2794,2022-07-04,2022-12-29,4.09,7.97,5.544279885468862
NORDESTE,PI,1295,2022-07-01,2022-12-28,4.73,7.91,5.5745366795366795
NORDESTE,RN,1109,2022-07-04,2022-12-28,4.39,7.59,5.653300270513976
NORDESTE,SE,732,2022-07-04,2022-12-29,4.58,7.18,5.256718579234973
NORTE,AC,537,2022-07-05,2022-12-21,5.15,7.6,5.949310986964619
NORTE,AM,1373,2022-07-04,2022-12-28,4.39,8.15,5.618120174799709
NORTE,AP,503,2022-07-04,2022-12-28,4.37,6.06,4.845025844930417
NORTE,PA,2189,2022-07-04,2022-12-29,4.33,8.1,5.493484696208314
NORTE,RO,1222,2022-07-04,2022-12-29,4.65,7.87,5.490617021276596
NORTE,RR,366,2022-07-05,2022-12-28,5.25,7.41,5.524234972677595
NORTE,TO,753,2022-07-04,2022-12-27,4.69,8.75,5.610637450199204
SUDESTE,ES,1885,2022-07-01,2022-12-28,4.09,7.39,5.355702387267905
SUDESTE,MG,9411,2022-07-04,2022-12-29,3.49,7.95,5.31803357772819
SUDESTE,RJ,7055,2022-07-01,2022-12-29,4.39,7.99,5.448621261516655
SUDESTE,SP,28050,2022-07-01,2022-12-30,4.09,7.99,5.185755472370766
SUL,PR,5898,2022-07-04,2022-12-29,4.19,7.75,5.371444218379112
SUL,RS,6620,2022-07-04,2022-12-30,4.13,7.69,5.212248036253777
SUL,SC,4195,2022-07-01,2022-12-30,4.39,7.46,5.3479110846245534
CENTRO-OESTE,DF,1283,2023-01-04,2023-06-29,4.49,5.99,5.309345284489478
CENTRO-OESTE,GO,4106,2023-01-02,2023-06-30,4.32,6.59,5.311755966877739
CENTRO-OESTE,MS,1460,2023-01-02,2023-06-30,4.29,6.4,5.2481986301369865
CENTRO-OESTE,MT,1557,2023-01-02,2023-06-29,4.63,6.17,5.2888375080282595
NORDESTE,AL,1284,2023-01-02,2023-06-28,4.09,6.85,5.583247663551402
NORDESTE,BA,4928,2023-01-02,2023-06-30,4.46,7.0,5.624446022727273
NORDESTE,CE,3580,2023-01-02,2023-06-30,4.79,6.39,5.688474860335196
NORDESTE,MA,2235,2023-01-02,2023-06-29,4.35,6.99,5.253413870246085
NORDESTE,PB,1515,2023-01-02,2023-06-28,4.15,5.92,5.1196237623762375
NORDESTE,PE,3947,2023-01-02,2023-06-28,4.13,6.5,5.222574106916645
NORDESTE,PI,1279,2023-01-02,2023-06-29,4.27,6.23,5.4215246286161065
NORDESTE,RN,1262,2023-01-02,2023-06-29,4.76,6.39,5.633946117274168
NORDESTE,SE,930,2023-01-05,2023-06-29,4.78,5.77,5.226150537634409
NORTE,AC,361,2023-01-12,2023-06-28,5.08,6.99,5.8517174515235455
NORTE,AM,1401,2023-01-02,2023-06-29,4.9,7.35,6.101598857958601
NORTE,AP,467,2023-01-03,2023-06-27,4.44,5.89,4.960364025695932
NORTE,PA,2867,2023-01-02,2023-06-29,4.37,6.63,5.42641785838856
NORTE,RO,1491,2023-01-02,2023-06-28,4.77,6.76,5.745955734406438
NORTE,RR,442,2023-01-02,2023-06-28,5.25,6.18,5.804524886877828
NORTE,TO,1177,2023-01-02,2023-06-28,4.72,6.19,5.544324553950722
SUDESTE,ES,2429,2023-01-02,2023-06-29,4.34,6.33,5.453351173322355
SUDESTE,MG,12110,2023-01-02,2023-06-30,4.18,6.36,5.215944673823286
SUDESTE,RJ,8230,2023-01-02,2023-06-30,4.44,6.49,5.422229647630619
SUDESTE,SP,30894,2023-01-02,2023-06-30,4.09,8.19,5.191229688612676
SUL,PR,7089,2023-01-02,2023-06-29,4.49,6.29,5.392649174777825
SUL,RS,7603,2023-01-02,2023-06-29,4.31,6.49,5.269867157700908
SUL,SC,4897,2023-01-02,2023-06-29,4.09,6.59,5.426916479477231
CENTRO-OESTE,DF,1278,2023-07-03,2023-12-27,4.99,6.01,5.5960406885759
CENTRO-OESTE,GO,4566,2023-07-03,2023-12-29,4.79,6.89,5.609842312746387
CENTRO-OESTE,MS,1620,2023-07-03,2023-12-29,4.79,6.85,5.722438271604939
CENTRO-OESTE,MT,1597,2023-07-03,2023-12-29,5.07,6.58,5.662091421415154
NORDESTE,AL,1414,2023-07-03,2023-12-28,4.99,6.69,5.884243281471004
NORDESTE,BA,6803,2023-07-03,2023-12-29,4.69,6.99,5.999019550198442
NORDESTE,CE,3851,2023-07-03,2023-12-29,4.95,6.65,5.956060763438068
NORDESTE,MA,2999,2023-07-03,2023-12-29,4.72,6.99,5.657162387462488
NORDESTE,PB,1552,2023-07-03,2023-12-28,5.09,6.89,5.679568298969072
NORDESTE,PE,4289,2023-07-03,2023-12-28,4.79,6.99,5.661331312660294
NORDESTE,PI,1303,2023-07-03,2023-12-27,4.99,6.35,5.552739831158864
NORDESTE,RN,1123,2023-07-03,2023-12-29,5.09,6.59,5.8903294746215495
NORDESTE,SE,951,2023-07-06,2023-12-28,4.98,6.49,5.929842271293375
NORTE,AC,524,2023-07-03,2023-12-29,6.17,7.48,6.802862595419848
NORTE,AM,1570,2023-07-03,2023-12-28,5.7,7.7,6.599050955414013
NORTE,AP,551,2023-07-05,2023-12-28,5.05,6.19,5.53065335753176
NORTE,PA,3180,2023-07-03,2023-12-29,4.99,7.09,6.016320754716982
NORTE,RO,1482,2023-07-03,2023-12-28,5.08,6.99,6.360897435897436
NORTE,RR,442,2023-07-03,2023-12-27,5.07,6.1,5.924502262443439
NORTE,TO,1216,2023-07-03,2023-12-28,5.19,6.89,5.982261513157895
SUDESTE,ES,2642,2023-07-03,2023-12-29,4.66,6.59,5.845083270249811
SUDESTE,MG,13283,2023-07-03,2023-12-29,4.75,6.7,5.5633147632311974
SUDESTE,RJ,8751,2023-07-03,2023-12-28,4.79,6.89,5.693308193349331
SUDESTE,SP,32671,2023-07-03,2023-12-29,4.49,7.59,5.527666738085764
SUL,PR,7694,2023-07-03,2023-12-29,4.79,6.77,5.77383285677151
SUL,RS,8687,2023-07-03,2023-12-29,4.79,7.15,5.682004144123403
SUL,SC,5222,2023-07-03,2023-12-28,4.89,6.59,5.792236690923018
CENTRO-OESTE,DF,1233,2024-01-02,2024-06-26,4.99,6.74,5.7411354420113545
CENTRO-OESTE,GO,4952,2024-01-02,2024-06-27,4.79,6.34,5.775278675282714
CENTRO-OESTE,MS,1714,2024-01-02,2024-06-27,4.95,6.94,5.824305717619604
CENTRO-OESTE,MT,1837,2024-01-02,2024-06-27,5.17,6.64,5.855351115949919
NORDESTE,AL,1406,2024-01-01,2024-06-26,5.28,6.69,5.905903271692746
NORDESTE,BA,6876,2024-01-01,2024-06-27,5.09,6.99,6.063218440954043
NORDESTE,CE,3983,2024-01-02,2024-06-28,5.14,6.99,5.946417273412002
NORDESTE,MA,3012,2024-01-01,2024-06-28,4.77,6.65,5.668017928286853
NORDESTE,PB,1609,2024-01-01,2024-06-28,5.09,5.99,5.673256681168428
NORDESTE,PE,4719,2024-01-01,2024-06-28,4.75,6.99,5.7668722186904
NORDESTE,PI,1401,2024-01-01,2024-06-26,4.96,5.99,5.567123483226267
NORDESTE,RN,1177,2024-01-01,2024-06-26,5.39,6.49,6.071359388275276
NORDESTE,SE,867,2024-01-02,2024-06-26,4.98,6.49,5.996089965397924
NORTE,AC,544,2024-01-02,2024-06-26,6.49,7.63,6.989558823529412
NORTE,AM,1619,2024-01-02,2024-06-26,5.19,7.8,6.439684990735022
NORTE,AP,550,2024-01-03,2024-06-27,5.33,6.29,5.603036363636364
NORTE,PA,3474,2024-01-01,2024-06-27,4.74,6.99,5.957619458837075
NORTE,RO,1544,2024-01-02,2024-06-27,5.12,7.09,6.385414507772021
NORTE,RR,442,2024-01-02,2024-06-26,5.87,6.42,6.096176470588235
NORTE,TO,1267,2024-01-01,2024-06-26,4.79,6.39,5.892501973164957
SUDESTE,ES,2632,2024-01-02,2024-06-27,4.79,6.69,5.854449088145897
SUDESTE,MG,13513,2024-01-01,2024-06-28,4.79,6.54,5.678070006660253
SUDESTE,RJ,8890,2024-01-01,2024-06-27,4.84,7.59,5.779455568053994
SUDESTE,SP,32561,2024-01-01,2024-06-28,4.55,7.99,5.5941239519670765
SUL,PR,7433,2024-01-01,2024-06-28,4.99,6.79,5.893426611058793
SUL,RS,8268,2024-01-01,2024-06-28,5.03,7.24,5.767685050798258
SUL,SC,5002,2024-01-01,2024-06-28,4.99,7.19,5.884044382247102
CENTRO-OESTE,DF,1292,2024-07-01,2024-12-31,5.48,6.49,6.058808049535604
CENTRO-OESTE,GO,4553,2024-07-01,2024-12-31,5.39,6.69,6.092657588403251
CENTRO-OESTE,MS,1567,2024-07-01,2024-12-31,5.35,7.09,6.106713465220166
CENTRO-OESTE,MT,1798,2024-07-01,2024-12-31,5.22,6.95,6.059254727474973
NORDESTE,AL,1393,2024-07-01,2024-12-31,5.29,6.94,6.295821966977746
NORDESTE,BA,5706,2024-07-01,2024-12-31,5.43,6.85,6.301680686996145
NORDESTE,CE,3070,2024-07-01,2024-12-31,5.29,6.99,6.256973941368078
NORDESTE,MA,2612,2024-07-01,2024-12-31,5.18,6.95,6.0958805513016845
NORDESTE,PB,1615,2024-07-01,2024-12-31,5.29,6.99,6.03415479876161
NORDESTE,PE,4241,2024-07-01,2024-12-31,5.3,7.39,6.077337892006603
NORDESTE,PI,1540,2024-07-01,2024-12-31,5.49,6.55,5.9795129870129875
NORDESTE,RN,1160,2024-07-01,2024-12-31,5.34,6.79,6.371094827586207
NORDESTE,SE,771,2024-07-02,2024-12-30,5.25,6.59,6.228728923476005
NORTE,AC,461,2024-07-01,2024-12-27,6.79,7.75,7.358676789587852
NORTE,AM,1415,2024-07-01,2024-12-31,6.15,7.99,7.011731448763251
NORTE,AP,597,2024-07-01,2024-12-31,5.51,6.55,5.905963149078727
NORTE,PA,2204,2024-07-01,2024-12-31,5.42,7.35,6.2671007259528135
NORTE,RO,1176,2024-07-01,2024-12-31,5.85,7.89,6.905612244897959
NORTE,RR,450,2024-07-01,2024-12-30,6.2,6.93,6.627577777777778
NORTE,TO,1125,2024-07-01,2024-12-31,5.49,6.89,6.420177777777778
SUDESTE,ES,2110,2024-07-01,2024-12-31,5.49,6.94,6.236701421800948
SUDESTE,MG,11737,2024-07-01,2024-12-31,5.15,6.85,6.078773962682117
SUDESTE,RJ,8303,2024-07-01,2024-12-31,5.05,7.79,6.039293026616885
SUDESTE,SP,31101,2024-07-01,2024-12-31,4.59,7.99,5.907720330535996
SUL,PR,6361,2024-07-01,2024-12-31,5.25,6.99,6.1529570822197766
SUL,RS,8126,2024-07-01,2024-12-31,5.19,7.33,6.124405611617031
SUL,SC,4011,2024-07-01,2024-12-31,5.41,6.69,6.17309399152331
CENTRO-OESTE,DF,1259,2025-01-01,2025-06-30,5.71,6.69,6.500826052422558
CENTRO-OESTE,GO,4317,2025-01-02,2025-06-30,5.19,6.99,6.295350938151493
CENTRO-OESTE,MS,1429,2025-01-02,2025-06-30,5.53,7.19,6.276508047585724
CENTRO-OESTE,MT,1988,2025-01-02,2025-06-30,5.71,6.94,6.241217303822937
NORDESTE,AL,1334,2025-01-02,2025-06-30,5.19,7.19,6.398823088455773
NORDESTE,BA,5649,2025-01-02,2025-06-30,5.42,7.27,6.4523809523809526
NORDESTE,CE,2986,2025-01-01,2025-06-30,5.38,7.19,6.446905559276624
NORDESTE,MA,2584,2025-01-02,2025-06-30,5.37,7.19,6.220979102167183
NORDESTE,PB,1673,2025-01-01,2025-06-30,5.64,6.89,6.15501494321578
NORDESTE,PE,4589,2025-01-02,2025-06-30,5.25,7.59,6.344393113968185
NORDESTE,PI,1437,2025-01-06,2025-06-30,5.59,6.59,6.002435629784273
NORDESTE,RN,1109,2025-01-01,2025-06-30,5.54,6.99,6.474643823264202
NORDESTE,SE,861,2025-01-03,2025-06-30,6.19,6.69,6.549082462253194
NORTE,AC,374,2025-01-02,2025-06-26,7.09,8.09,7.733930481283423
NORTE,AM,1389,2025-01-02,2025-06-30,6.94,8.39,7.300496760259179
NORTE,AP,496,2025-01-02,2025-06-23,5.83,6.45,6.042439516129032
NORTE,PA,2830,2025-01-06,2025-06-30,5.37,7.42,6.4523356890459365
NORTE,RO,1314,2025-01-02,2025-06-30,5.85,8.71,7.003432267884323
NORTE,RR,407,2025-01-06,2025-06-30,6.89,7.09,6.985823095823096
NORTE,TO,1162,2025-01-02,2025-06-30,5.87,6.99,6.550886402753873
SUDESTE,ES,2420,2025-01-02,2025-06-30,5.39,6.99,6.307677685950413
SUDESTE,MG,11210,2025-01-01,2025-06-30,5.49,6.89,6.174649420160572
SUDESTE,RJ,8512,2025-01-01,2025-06-30,5.09,7.79,6.188061560150376
SUDESTE,SP,30299,2025-01-01,2025-06-30,4.99,8.99,6.124022905046371
SUL,PR,6834,2025-01-01,2025-06-30,5.29,6.99,6.463485513608428
SUL,RS,8447,2025-01-01,2025-06-30,5.43,7.39,6.252748904936664
SUL,SC,3909,2025-01-02,2025-06-30,5.59,7.29,6.466313635200819
